sector,segmento,balance.activo_no_corriente.huber_9y,balance.activo_no_corriente.huber_scale_mad,balance.activo_no_corriente.n_años,balance.activo_no_corriente.dato_2024,balance.activo_corriente.huber_9y,balance.activo_corriente.huber_scale_mad,balance.activo_corriente.n_años,balance.activo_corriente.dato_2024,balance.existencias_pct.huber_9y,balance.existencias_pct.huber_scale_mad,balance.existencias_pct.n_años,balance.existencias_pct.dato_2024,balance.realizable_pct.huber_9y,balance.realizable_pct.huber_scale_mad,balance.realizable_pct.n_años,balance.realizable_pct.dato_2024,balance.disponible_pct.huber_9y,balance.disponible_pct.huber_scale_mad,balance.disponible_pct.n_años,balance.disponible_pct.dato_2024,balance.patrimonio_neto_pct.huber_9y,balance.patrimonio_neto_pct.huber_scale_mad,balance.patrimonio_neto_pct.n_años,balance.patrimonio_neto_pct.dato_2024,balance.pasivo_no_corriente_pct.huber_9y,balance.pasivo_no_corriente_pct.huber_scale_mad,balance.pasivo_no_corriente_pct.n_años,balance.pasivo_no_corriente_pct.dato_2024,balance.deudas_fin_largo_pct.huber_9y,balance.deudas_fin_largo_pct.huber_scale_mad,balance.deudas_fin_largo_pct.n_años,balance.deudas_fin_largo_pct.dato_2024,balance.otras_deudas_largo_pct.huber_9y,balance.otras_deudas_largo_pct.huber_scale_mad,balance.otras_deudas_largo_pct.n_años,balance.otras_deudas_largo_pct.dato_2024,balance.pasivo_corriente_pct.huber_9y,balance.pasivo_corriente_pct.huber_scale_mad,balance.pasivo_corriente_pct.n_años,balance.pasivo_corriente_pct.dato_2024,balance.acreedores_comerciales_pct.huber_9y,balance.acreedores_comerciales_pct.huber_scale_mad,balance.acreedores_comerciales_pct.n_años,balance.acreedores_comerciales_pct.dato_2024,balance.deudas_fin_corto_pct.huber_9y,balance.deudas_fin_corto_pct.huber_scale_mad,balance.deudas_fin_corto_pct.n_años,balance.deudas_fin_corto_pct.dato_2024,balance.otras_deudas_corto_pct.huber_9y,balance.otras_deudas_corto_pct.huber_scale_mad,balance.otras_deudas_corto_pct.n_años,balance.otras_deudas_corto_pct.dato_2024,pyg.cifra_negocios_pct.huber_9y,pyg.cifra_negocios_pct.huber_scale_mad,pyg.cifra_negocios_pct.n_años,pyg.cifra_negocios_pct.dato_2024,pyg.otros_ingresos_explot_pct.huber_9y,pyg.otros_ingresos_explot_pct.huber_scale_mad,pyg.otros_ingresos_explot_pct.n_años,pyg.otros_ingresos_explot_pct.dato_2024,pyg.ingresos_explotacion_pct.huber_9y,pyg.ingresos_explotacion_pct.huber_scale_mad,pyg.ingresos_explotacion_pct.n_años,pyg.ingresos_explotacion_pct.dato_2024,pyg.consumos_explotacion_pct.huber_9y,pyg.consumos_explotacion_pct.huber_scale_mad,pyg.consumos_explotacion_pct.n_años,pyg.consumos_explotacion_pct.dato_2024,pyg.margen_bruto_pct.huber_9y,pyg.margen_bruto_pct.huber_scale_mad,pyg.margen_bruto_pct.n_años,pyg.margen_bruto_pct.dato_2024,pyg.otros_gastos_explot_pct.huber_9y,pyg.otros_gastos_explot_pct.huber_scale_mad,pyg.otros_gastos_explot_pct.n_años,pyg.otros_gastos_explot_pct.dato_2024,pyg.valor_añadido_pct.huber_9y,pyg.valor_añadido_pct.huber_scale_mad,pyg.valor_añadido_pct.n_años,pyg.valor_añadido_pct.dato_2024,pyg.gastos_personal_pct.huber_9y,pyg.gastos_personal_pct.huber_scale_mad,pyg.gastos_personal_pct.n_años,pyg.gastos_personal_pct.dato_2024,pyg.amortizaciones_pct.huber_9y,pyg.amortizaciones_pct.huber_scale_mad,pyg.amortizaciones_pct.n_años,pyg.amortizaciones_pct.dato_2024,pyg.resultado_extraordinario_pct.huber_9y,pyg.resultado_extraordinario_pct.huber_scale_mad,pyg.resultado_extraordinario_pct.n_años,pyg.resultado_extraordinario_pct.dato_2024,pyg.baii_pct.huber_9y,pyg.baii_pct.huber_scale_mad,pyg.baii_pct.n_años,pyg.baii_pct.dato_2024,pyg.ingresos_financieros_pct.huber_9y,pyg.ingresos_financieros_pct.huber_scale_mad,pyg.ingresos_financieros_pct.n_años,pyg.ingresos_financieros_pct.dato_2024,pyg.gastos_financieros_pct.huber_9y,pyg.gastos_financieros_pct.huber_scale_mad,pyg.gastos_financieros_pct.n_años,pyg.gastos_financieros_pct.dato_2024,pyg.bai_pct.huber_9y,pyg.bai_pct.huber_scale_mad,pyg.bai_pct.n_años,pyg.bai_pct.dato_2024,pyg.impuesto_beneficios_pct.huber_9y,pyg.impuesto_beneficios_pct.huber_scale_mad,pyg.impuesto_beneficios_pct.n_años,pyg.impuesto_beneficios_pct.dato_2024,pyg.resultado_ejercicio_pct.huber_9y,pyg.resultado_ejercicio_pct.huber_scale_mad,pyg.resultado_ejercicio_pct.n_años,pyg.resultado_ejercicio_pct.dato_2024,ratios.liquidez.huber_9y,ratios.liquidez.huber_scale_mad,ratios.liquidez.n_años,ratios.liquidez.dato_2024,ratios.tesoreria.huber_9y,ratios.tesoreria.huber_scale_mad,ratios.tesoreria.n_años,ratios.tesoreria.dato_2024,ratios.disponibilidad_ratio.huber_9y,ratios.disponibilidad_ratio.huber_scale_mad,ratios.disponibilidad_ratio.n_años,ratios.disponibilidad_ratio.dato_2024,ratios.fm_ventas.huber_9y,ratios.fm_ventas.huber_scale_mad,ratios.fm_ventas.n_años,ratios.fm_ventas.dato_2024,ratios.fm_activo.huber_9y,ratios.fm_activo.huber_scale_mad,ratios.fm_activo.n_años,ratios.fm_activo.dato_2024,ratios.endeudamiento.huber_9y,ratios.endeudamiento.huber_scale_mad,ratios.endeudamiento.n_años,ratios.endeudamiento.dato_2024,ratios.calidad_deuda.huber_9y,ratios.calidad_deuda.huber_scale_mad,ratios.calidad_deuda.n_años,ratios.calidad_deuda.dato_2024,ratios.capacidad_devolucion.huber_9y,ratios.capacidad_devolucion.huber_scale_mad,ratios.capacidad_devolucion.n_años,ratios.capacidad_devolucion.dato_2024,ratios.cobertura_gastos_fin.huber_9y,ratios.cobertura_gastos_fin.huber_scale_mad,ratios.cobertura_gastos_fin.n_años,ratios.cobertura_gastos_fin.dato_2024,ratios.coste_deuda.huber_9y,ratios.coste_deuda.huber_scale_mad,ratios.coste_deuda.n_años,ratios.coste_deuda.dato_2024,ratios.rotacion_activo.huber_9y,ratios.rotacion_activo.huber_scale_mad,ratios.rotacion_activo.n_años,ratios.rotacion_activo.dato_2024,ratios.rotacion_activo_no_corriente.huber_9y,ratios.rotacion_activo_no_corriente.huber_scale_mad,ratios.rotacion_activo_no_corriente.n_años,ratios.rotacion_activo_no_corriente.dato_2024,ratios.rotacion_activo_corriente.huber_9y,ratios.rotacion_activo_corriente.huber_scale_mad,ratios.rotacion_activo_corriente.n_años,ratios.rotacion_activo_corriente.dato_2024,ratios.rotacion_existencias.huber_9y,ratios.rotacion_existencias.huber_scale_mad,ratios.rotacion_existencias.n_años,ratios.rotacion_existencias.dato_2024,ratios.plazo_existencias.huber_9y,ratios.plazo_existencias.huber_scale_mad,ratios.plazo_existencias.n_años,ratios.plazo_existencias.dato_2024,ratios.cobro_dias.huber_9y,ratios.cobro_dias.huber_scale_mad,ratios.cobro_dias.n_años,ratios.cobro_dias.dato_2024,ratios.pago_dias.huber_9y,ratios.pago_dias.huber_scale_mad,ratios.pago_dias.n_años,ratios.pago_dias.dato_2024,ratios.financiacion_clientes.huber_9y,ratios.financiacion_clientes.huber_scale_mad,ratios.financiacion_clientes.n_años,ratios.financiacion_clientes.dato_2024,ratios.roi.huber_9y,ratios.roi.huber_scale_mad,ratios.roi.n_años,ratios.roi.dato_2024,ratios.roe.huber_9y,ratios.roe.huber_scale_mad,ratios.roe.n_años,ratios.roe.dato_2024,ratios.flujo_caja_activo.huber_9y,ratios.flujo_caja_activo.huber_scale_mad,ratios.flujo_caja_activo.n_años,ratios.flujo_caja_activo.dato_2024,ratios.flujo_caja_ventas.huber_9y,ratios.flujo_caja_ventas.huber_scale_mad,ratios.flujo_caja_ventas.n_años,ratios.flujo_caja_ventas.dato_2024,ratios.ventas_empleado.huber_9y,ratios.ventas_empleado.huber_scale_mad,ratios.ventas_empleado.n_años,ratios.ventas_empleado.dato_2024,ratios.beneficio_empleado.huber_9y,ratios.beneficio_empleado.huber_scale_mad,ratios.beneficio_empleado.n_años,ratios.beneficio_empleado.dato_2024,ratios.gastos_personal_empleado.huber_9y,ratios.gastos_personal_empleado.huber_scale_mad,ratios.gastos_personal_empleado.n_años,ratios.gastos_personal_empleado.dato_2024
Productos básicos hierro/acero (24.1),grandes_medianas,51.3244,9.0141,9,47.18,48.6756,9.0141,9,52.82,24.92,6.8792,9,31.67,15.031,2.9503,9,16.72,8.0533,3.4248,9,4.43,41.4179,3.1727,9,43.82,23.6767,12.0089,9,16.5,8.4818,6.4492,9,1.16,15.7229,5.0111,9,15.34,35.04,6.3306,9,39.68,10.9167,1.8681,9,12.39,4.3932,0.3262,9,1.1,20.0756,6.2417,9,26.19,96.4072,1.9867,9,94.42,3.5928,1.9867,9,5.58,100.0,0.0,9,100.0,62.308,3.0986,9,64.06,37.692,3.0986,9,35.94,21.9945,3.914,9,23.49,15.7772,3.1727,9,12.44,9.5026,1.1712,9,9.1,2.21,0.2965,9,2.38,0.0,0.0,9,0.0,4.1975,2.55,9,0.96,0.9265,0.5337,9,1.75,1.4234,0.682,9,1.52,3.7562,2.046,9,1.2,0.4939,0.3262,9,0.25,3.2077,2.0311,9,0.95,1.4086,0.1038,9,1.33,0.6799,0.1186,9,0.53,0.2437,0.1483,9,0.11,0.12,0.0297,9,0.1,0.1414,0.0297,9,0.13,0.5828,0.0297,9,0.56,0.6011,0.1483,9,0.71,0.4338,0.1483,9,2.03,3.1477,2.0163,9,0.64,0.1315,0.0741,9,0.92,1.0836,0.2817,9,1.38,1.9913,0.4448,9,2.91,2.2514,0.3558,9,2.6,2.7589,0.3855,9,2.78,132.7183,16.5159,9,131.23,51.3867,9.444,9,44.37,60.2544,15.745,9,51.32,0.7225,0.0593,9,0.74,0.05,0.0148,9,0.01,0.0822,0.0741,9,0.03,0.06,0.0297,9,0.05,0.052,0.0148,9,0.03,651.0629,144.4922,9,744.49,22.0911,20.3558,9,7.08,61.1711,5.2039,9,67.75
Productos básicos hierro/acero (24.1),pequeñas,42.5725,1.3195,9,42.34,57.4275,1.3195,9,57.66,10.7983,2.2239,9,10.5,22.0663,2.298,9,21.03,23.2929,2.4611,9,26.13,49.0357,3.1579,9,48.03,20.3941,3.7064,9,26.07,8.7357,1.4381,9,7.16,10.4201,2.4314,9,18.91,29.9007,3.573,9,25.9,9.0778,3.3358,9,8.15,4.9967,1.4529,9,5.26,15.0953,2.8317,9,12.5,99.0819,0.1186,9,99.19,0.9181,0.1186,9,0.81,100.0,0.0,9,100.0,46.3772,3.0393,9,43.22,53.6228,3.0393,9,56.78,12.2743,1.3788,9,13.31,41.3412,2.3573,9,43.47,33.5669,0.5782,9,33.58,3.2199,0.2224,9,3.42,0.0,0.0,9,0.0,5.5423,0.9933,9,6.46,0.8171,0.3262,9,1.21,1.1556,0.2224,9,1.4,5.1696,1.8829,9,6.26,0.8216,0.6523,9,1.5,4.5773,0.9933,9,4.76,1.8543,0.2076,9,2.23,1.4359,0.0593,9,1.82,0.8178,0.1927,9,1.01,0.3487,0.0593,9,0.41,0.2556,0.0741,9,0.32,0.5117,0.0297,9,0.52,0.5961,0.0445,9,0.5,0.4384,0.089,9,0.51,4.3089,3.5582,9,4.6,0.07,0.0148,9,0.09,0.7942,0.1038,9,0.77,1.7676,0.4596,9,1.82,1.3874,0.1927,9,1.33,3.1799,0.0445,9,3.16,114.7207,1.6753,9,115.4,100.4299,3.2617,9,99.84,93.462,6.5678,9,89.48,0.4357,0.0445,9,0.39,0.04,0.0148,9,0.05,0.075,0.0445,9,0.08,0.0589,0.0297,9,0.06,0.0767,0.0148,9,0.08,115.3547,10.4522,9,128.8,5.455,2.5649,9,6.13,37.8989,2.209,9,43.26
Fabricación de vehículos de motor (29),grandes_medianas,51.9821,6.8792,9,43.28,48.0179,6.8792,9,56.72,10.7749,0.6672,9,16.6,20.0041,1.1712,9,16.83,16.0519,6.1675,9,23.28,36.3193,2.9652,9,58.15,11.2116,1.1416,9,14.15,1.839,0.6375,9,5.62,8.88,0.593,9,8.53,52.5841,3.7213,9,27.7,19.7286,2.639,9,8.5,1.7271,0.6375,9,6.0,31.2896,1.4826,9,13.19,98.1743,0.2224,9,97.38,1.8257,0.2224,9,2.62,100.0,0.0,9,100.0,76.2644,2.1942,9,50.62,23.7356,2.1942,9,49.38,8.7423,1.3343,9,12.49,15.3356,1.364,9,36.88,10.2264,1.8087,9,29.84,3.168,0.4893,9,2.75,0.0,0.0,9,0.0,3.0372,2.4314,9,4.29,0.5166,0.1334,9,1.02,0.5957,0.3855,9,1.24,3.3254,1.957,9,4.07,0.66,0.5189,9,0.95,2.6025,1.275,9,3.13,0.8681,0.1186,9,2.05,0.6931,0.1334,9,1.45,0.3098,0.1186,9,0.84,-0.04,0.0297,9,0.36,-0.0651,0.0741,9,0.29,0.636,0.0297,9,0.42,0.83,0.0148,9,0.66,2.7956,1.8087,9,0.41,5.3272,5.6931,9,3.45,0.1771,0.1631,9,0.09,1.5543,0.4596,9,0.8,2.8744,1.0823,9,1.86,3.8413,0.6523,9,1.42,11.8698,3.232,9,2.45,30.1799,5.9007,9,148.88,44.577,5.6338,9,76.4,62.2621,11.8755,9,76.25,0.9885,0.089,9,0.51,0.0443,0.0297,9,0.03,0.1013,0.0741,9,0.04,0.0963,0.0297,9,0.05,0.06,0.0148,9,0.06,477.3066,72.4537,9,127.84,10.0214,5.6783,9,4.0,44.8504,3.5582,9,38.14
Fabricación de vehículos de motor (29),pequeñas,45.2333,5.4262,9,41.88,54.7667,5.4262,9,58.12,15.9043,1.2602,9,18.07,17.9429,0.7561,9,17.9,20.8193,3.8992,9,22.15,52.92,11.3269,9,60.75,14.1089,4.5367,9,9.84,9.181,3.0245,9,5.62,4.3609,0.6968,9,4.23,31.1061,1.9718,9,29.41,10.0944,0.9489,9,9.19,6.0489,1.0526,9,6.68,15.312,2.3573,9,13.53,98.4633,0.593,9,97.79,1.5367,0.593,9,2.21,100.0,0.0,9,100.0,49.8796,1.9718,9,51.0,50.1204,1.9718,9,49.0,11.67,0.8599,9,11.98,39.1767,3.0245,9,37.02,28.082,0.9785,9,28.1,2.8931,0.2817,9,2.73,0.0,0.0,9,0.0,7.8139,2.209,9,6.19,0.3712,0.1779,9,1.05,1.0311,0.2817,9,1.03,7.2034,3.1431,9,6.21,0.9222,0.7561,9,1.45,6.2762,2.5797,9,4.76,1.7033,0.3855,9,1.98,1.2049,0.2669,9,1.36,0.6567,0.2669,9,0.75,0.2578,0.1186,9,0.32,0.2178,0.089,9,0.29,0.47,0.1186,9,0.39,0.705,0.0445,9,0.75,0.4987,0.1631,9,0.54,8.3626,4.7294,9,6.0,0.0625,0.0297,9,0.07,0.8433,0.089,9,0.89,1.8673,0.3113,9,2.12,1.5476,0.1038,9,1.53,2.6222,0.1927,9,2.51,139.7867,10.9711,9,145.71,77.4586,3.1727,9,73.59,88.4137,9.874,9,74.1,0.5678,0.0741,9,0.51,0.0662,0.0297,9,0.05,0.1,0.0445,9,0.07,0.077,0.0297,9,0.066,0.0942,0.0148,9,0.075,117.8015,5.9303,9,134.72,7.6105,3.914,9,6.41,33.7925,2.5352,9,37.86
Carne y prod. cárnicos (10.1),grandes_medianas,44.9842,1.1119,9,42.45,55.0158,1.1119,9,57.55,24.3191,1.7346,9,26.13,20.2794,1.275,9,19.6,10.7209,0.7413,9,11.82,39.1457,1.1861,9,39.28,18.8349,0.5041,9,18.55,9.5092,0.5189,9,8.67,9.3371,0.6375,9,9.88,42.1322,0.8599,9,42.17,16.4707,1.3788,9,16.19,8.6095,0.7265,9,7.03,17.0422,2.1201,9,18.95,99.5011,0.0593,9,99.55,0.4989,0.0593,9,0.45,100.0,0.0,9,100.0,75.0178,2.55,9,76.56,24.9822,2.55,9,23.44,10.9283,0.9785,9,10.14,14.0588,1.4233,9,13.31,8.2909,0.3706,9,8.24,2.0478,0.2372,9,1.83,0.0,0.0,9,0.0,3.7253,0.8747,9,3.23,0.2142,0.089,9,0.26,0.6914,0.1186,9,1.41,3.149,1.0526,9,2.09,0.6746,0.2669,9,0.5,2.639,1.023,9,1.59,1.3056,0.0593,9,1.36,0.736,0.0148,9,0.75,0.2567,0.0297,9,0.28,0.08,0.0,9,0.1,0.13,0.0297,9,0.15,0.61,0.0148,9,0.61,0.69,0.0,9,0.69,0.3601,0.0445,9,0.35,5.29,2.891,9,2.29,0.0543,0.0148,9,0.14,1.41,0.0445,9,1.6,3.1454,0.2372,9,3.77,2.5899,0.089,9,2.78,4.4911,0.4448,9,4.69,81.7622,8.851,9,77.87,51.85,6.642,9,44.72,56.11,5.9007,9,48.26,0.8122,0.0297,9,0.83,0.05,0.0148,9,0.05,0.0867,0.0297,9,0.06,0.0614,0.0148,9,0.05,0.05,0.0,9,0.03,421.6978,54.6627,9,473.58,9.8744,3.8547,9,7.51,34.6644,0.9044,9,39.04
Carne y prod. cárnicos (10.1),pequeñas,36.8322,3.1579,9,39.37,63.1678,3.1579,9,60.63,28.3493,0.9785,9,27.12,20.2211,0.8599,9,19.92,14.5133,1.2602,9,13.6,54.2743,1.023,9,56.72,17.0286,1.4529,9,14.89,11.4243,1.8087,9,7.77,5.6349,0.6968,9,7.13,28.7143,1.1712,9,28.39,12.3957,0.934,9,11.95,6.5334,0.6227,9,6.3,9.6753,0.5041,9,10.14,99.2137,0.1038,9,99.14,0.7863,0.1038,9,0.86,100.0,0.0,9,100.0,64.6155,1.0971,9,64.04,35.3845,1.0971,9,35.96,11.6411,0.8302,9,12.09,23.832,0.4003,9,23.86,16.8482,1.0823,9,16.93,2.6311,0.252,9,2.41,0.0,0.0,9,-0.24,4.2904,0.8154,9,4.28,0.1571,0.0593,9,1.23,0.7527,0.1038,9,1.13,3.7642,0.8747,9,4.38,0.8978,0.2372,9,0.87,2.9186,0.7709,9,3.5,2.146,0.0148,9,2.14,1.1971,0.0445,9,1.18,0.4928,0.0297,9,0.48,0.3657,0.0297,9,0.34,0.3366,0.0148,9,0.32,0.4571,0.0148,9,0.43,0.6288,0.0297,9,0.66,0.2857,0.0445,9,0.4,5.6456,1.1119,9,3.79,0.0412,0.0148,9,0.08,0.93,0.0297,9,0.94,2.4999,0.1483,9,2.39,1.4786,0.0593,9,1.55,2.1226,0.1483,9,2.22,172.6851,12.3054,9,164.4,79.9389,3.3062,9,77.32,75.6033,3.6175,9,72.43,0.61,0.0297,9,0.6,0.04,0.0148,9,0.04,0.05,0.0148,9,0.06,0.0511,0.0148,9,0.06,0.0533,0.0148,9,0.06,168.5179,14.2921,9,191.44,4.8571,1.2602,9,6.71,28.3438,2.3573,9,32.42
Productos químicos básicos (20.1),grandes_medianas,50.8966,3.232,9,47.3,49.1034,3.232,9,52.7,12.7143,2.046,9,14.07,19.5797,0.9933,9,18.54,16.6017,3.321,9,20.09,52.1478,4.9815,9,48.46,13.61,1.6753,9,15.55,2.9078,0.5634,9,2.98,10.7692,1.2602,9,12.57,33.6219,2.1349,9,35.99,7.4946,0.9489,9,6.29,3.6808,0.8154,9,3.65,22.2474,2.6242,9,26.05,98.3033,0.682,9,98.43,1.6967,0.682,9,1.57,100.0,0.0,9,100.0,65.4757,2.6835,9,66.0,34.5243,2.6835,9,34.0,18.4943,1.0526,9,19.16,16.0271,1.705,9,14.84,6.97,0.8006,9,7.64,2.8516,0.1483,9,2.74,0.0,0.0,9,0.0,5.8325,1.2602,9,4.46,1.0468,0.2224,9,0.99,0.7528,0.5189,9,1.44,6.1206,1.5271,9,4.02,1.3009,0.682,9,0.78,4.8814,1.2009,9,3.23,1.4483,0.0297,9,1.46,1.082,0.0148,9,1.07,0.4925,0.0741,9,0.56,0.1243,0.0148,9,0.14,0.1557,0.0148,9,0.17,0.48,0.0445,9,0.52,0.7138,0.0297,9,0.7,1.4823,0.4299,9,1.04,7.2734,4.9073,9,3.1,0.1366,0.0741,9,0.25,1.2271,0.089,9,1.15,2.416,0.1186,9,2.44,2.5167,0.3262,9,2.19,6.3922,1.1416,9,5.41,57.9689,9.4589,9,67.49,59.2915,2.7576,9,58.68,33.9909,3.1579,9,30.17,0.37,0.0148,9,0.34,0.0744,0.0297,9,0.05,0.12,0.0445,9,0.08,0.0957,0.0148,9,0.07,0.075,0.0148,9,0.06,920.5371,73.1505,9,898.72,45.8484,15.6116,9,29.05,63.6025,1.3195,9,68.68
Productos químicos básicos (20.1),pequeñas,45.3467,5.2187,9,49.95,54.6533,5.2187,9,50.05,11.3833,2.2683,9,9.36,21.77,3.662,9,17.39,21.4989,1.8236,9,23.3,51.816,0.4151,9,53.82,18.8211,3.232,9,18.89,11.3773,1.1119,9,9.91,7.2633,1.7939,9,8.98,29.4711,3.3655,9,27.29,10.0381,1.3343,9,8.7,6.4144,1.0082,9,5.76,13.0031,1.2602,9,12.84,98.604,0.5041,9,97.87,1.396,0.5041,9,2.13,100.0,0.0,9,100.0,50.4914,2.3277,9,50.33,49.5086,2.3277,9,49.67,19.9133,1.1416,9,19.36,29.5343,2.3277,9,30.3,19.8725,1.2009,9,20.72,3.8467,0.8599,9,4.62,0.0,0.0,9,0.0,6.0856,1.5271,9,4.96,0.9522,1.0526,9,1.4,1.0655,0.2224,9,2.21,5.7929,1.7494,9,4.15,1.1911,0.1631,9,1.37,4.5605,1.4678,9,2.77,1.8328,0.0593,9,1.83,1.442,0.0297,9,1.49,0.7312,0.089,9,0.85,0.3243,0.0297,9,0.34,0.2572,0.0148,9,0.23,0.48,0.0,9,0.46,0.61,0.0593,9,0.59,0.376,0.0148,9,0.31,6.279,0.9933,9,2.24,0.04,0.0,9,0.09,0.7689,0.1038,9,0.66,1.7211,0.3706,9,1.33,1.4056,0.1631,9,1.33,3.4518,0.2372,9,3.57,105.9628,7.0126,9,102.28,103.3533,6.2713,9,95.63,95.0157,5.3818,9,95.03,0.4625,0.0297,9,0.5,0.05,0.0,9,0.03,0.0714,0.0148,9,0.03,0.07,0.0,9,0.05,0.0825,0.0148,9,0.07,188.6972,28.0652,9,204.47,8.5911,3.3951,9,5.67,36.6705,1.6901,9,42.36
Fabricación de maquinaria y equipo (28),grandes_medianas,34.7244,2.5797,9,31.8,65.2756,2.5797,9,68.2,19.6853,2.1053,9,21.27,26.5722,3.4248,9,23.08,18.9406,2.1942,9,23.86,47.7811,7.0719,9,55.56,11.7568,1.3195,9,10.6,5.8433,2.4907,9,6.07,5.9474,1.1712,9,4.53,40.3578,6.4789,9,33.83,12.7816,1.7198,9,10.86,4.7441,0.4744,9,6.5,23.5577,3.0393,9,16.48,98.5163,0.1927,9,98.19,1.4837,0.1927,9,1.81,100.0,0.0,9,100.0,57.036,2.7428,9,50.39,42.964,2.7428,9,49.61,11.4829,0.8302,9,10.98,31.7443,3.7361,9,38.62,21.7809,2.0311,9,27.89,2.3562,0.1483,9,2.45,-0.0011,0.0148,9,0.0,7.3351,0.682,9,8.29,0.9427,0.4299,9,0.58,0.9466,0.1334,9,0.95,7.0782,1.3491,9,7.92,1.3601,0.1927,9,1.55,5.6832,1.3936,9,6.37,1.5358,0.1038,9,2.02,1.16,0.2224,9,1.39,0.4459,0.0593,9,0.71,0.226,0.0297,9,0.36,0.216,0.0148,9,0.34,0.5211,0.0741,9,0.44,0.7713,0.0297,9,0.76,0.7686,0.2669,9,0.67,7.984,1.2602,9,8.75,0.0911,0.0297,9,0.07,0.9867,0.0445,9,0.96,2.8664,0.252,9,3.02,1.5122,0.1186,9,1.41,2.9456,0.8302,9,2.28,127.8033,28.6879,9,160.14,97.49,6.9385,9,87.57,82.7657,1.705,9,81.77,0.4817,0.0148,9,0.47,0.0713,0.0148,9,0.08,0.1156,0.0297,9,0.11,0.0778,0.0148,9,0.08,0.0813,0.0148,9,0.09,221.4214,28.1987,9,173.96,12.3122,4.0474,9,11.08,48.6487,0.6079,9,48.51
Fabricación de maquinaria y equipo (28),pequeñas,31.1422,1.705,9,30.59,68.8578,1.705,9,69.41,19.8986,1.1861,9,21.37,25.0822,1.6012,9,23.38,23.7378,1.6457,9,24.66,53.2656,0.8747,9,55.55,12.55,0.6227,9,10.84,7.8045,0.7116,9,5.95,4.7697,0.2224,9,4.89,33.8806,0.5189,9,33.61,12.6422,1.2898,9,11.15,6.4548,0.3262,9,6.05,14.0529,0.6968,9,16.41,98.8647,0.3262,9,98.13,1.1353,0.3262,9,1.87,100.0,0.0,9,100.0,51.3207,1.0082,9,50.47,48.6793,1.0082,9,49.53,11.3219,0.3262,9,10.98,37.243,0.4893,9,38.55,27.634,0.2817,9,28.14,2.4971,0.089,9,2.48,0.0,0.0,9,0.0,7.0814,0.5486,9,7.94,0.2712,0.1186,9,0.58,0.7899,0.1038,9,0.92,6.56,0.5041,9,7.6,1.3738,0.1186,9,1.52,5.1843,0.3855,9,6.08,2.0499,0.1038,9,2.07,1.4317,0.0148,9,1.43,0.7025,0.0593,9,0.73,0.3587,0.0297,9,0.36,0.3533,0.0297,9,0.36,0.4663,0.0148,9,0.44,0.7317,0.0148,9,0.76,0.5217,0.0593,9,0.7,8.9724,1.364,9,8.65,0.0537,0.0148,9,0.08,0.9783,0.0148,9,0.98,3.1378,0.2372,9,3.21,1.42,0.0593,9,1.41,2.5156,0.2372,9,2.32,145.7089,14.6034,9,157.55,93.91,6.3158,9,86.97,91.8731,8.7176,9,82.19,0.5057,0.0297,9,0.48,0.07,0.0,9,0.08,0.0956,0.0148,9,0.11,0.08,0.0,9,0.08,0.0767,0.0148,9,0.09,149.4929,9.3699,9,171.55,7.7994,0.8747,9,10.43,41.3914,2.5204,9,48.28
Construcción aeronáutica y espacial (30.3),grandes_medianas,44.6489,17.7168,9,56.52,55.3511,17.7168,9,43.48,18.2889,11.1935,9,7.43,20.1044,7.2795,9,14.95,16.9567,6.1675,9,21.1,28.1089,17.702,9,37.71,27.7163,4.7887,9,25.08,2.9805,0.9489,9,13.31,24.8452,14.6627,9,11.77,38.8639,10.5263,9,37.21,6.9711,4.166,9,2.6,1.811,1.1712,9,3.98,28.9141,7.1164,9,30.62,98.0345,1.4529,9,85.44,1.9655,1.4529,9,14.56,100.0,0.0,9,100.0,54.6567,17.6427,9,35.97,45.3433,17.6427,9,64.03,9.0315,2.6835,9,6.32,33.0958,12.9429,9,57.71,19.0592,4.5812,9,51.87,7.1186,2.8614,9,11.98,0.0,0.0,9,0.0,0.1943,6.6864,9,-6.14,2.9208,1.2602,9,2.41,2.4871,1.4381,9,3.12,1.2092,6.805,9,-6.85,0.7384,1.0971,9,1.88,1.8551,5.0259,9,-8.73,1.3948,0.341,9,1.17,0.9789,0.3262,9,0.97,0.4887,0.1927,9,0.57,0.2711,0.2076,9,0.15,0.1367,0.089,9,0.06,0.7189,0.1779,9,0.62,0.5751,0.1483,9,0.6,1.0881,1.3788,9,0.08,-0.1267,3.4692,9,-1.97,0.2182,0.2224,9,0.07,0.5062,0.1186,9,0.42,1.2711,0.7116,9,0.73,0.9029,0.0741,9,0.95,1.6885,0.4744,9,2.01,224.1801,57.6872,9,181.52,139.1441,15.1964,9,131.44,84.7367,22.639,9,63.64,0.3243,0.1038,9,0.17,0.0029,0.0297,9,-0.03,0.0522,0.1927,9,-0.1,0.0357,0.0297,9,0.01,0.0744,0.0741,9,0.03,288.3278,193.0022,9,89.04,8.4986,17.9096,9,-7.77,54.79,14.5441,9,46.19
Construcción aeronáutica y espacial (30.3),pequeñas,51.7,3.0689,9,49.54,48.3,3.0689,9,50.46,9.6289,2.6242,9,9.64,16.6156,2.7279,9,17.23,22.0644,2.8317,9,23.59,44.6485,2.7428,9,45.23,25.8085,5.1001,9,18.97,12.8143,4.1957,9,5.29,13.4621,4.4033,9,13.68,29.9278,5.2632,9,35.8,4.3834,0.6227,9,3.68,4.7708,0.9044,9,4.26,20.489,4.4626,9,27.86,96.7123,0.9785,9,95.31,3.2877,0.9785,9,4.69,100.0,0.0,9,100.0,32.848,6.7902,9,27.35,67.152,6.7902,9,72.65,12.0317,2.4463,9,8.42,57.0859,4.9073,9,64.23,46.1535,2.6835,9,47.44,8.1187,0.5337,9,7.96,0.0,0.0,9,0.0,2.9844,6.6716,9,8.83,1.3501,1.1268,9,3.18,2.3971,0.7116,9,2.7,0.5184,11.8458,9,9.32,0.4014,1.2898,9,1.57,0.0626,10.2891,9,7.75,1.6398,0.3113,9,1.41,1.298,0.1631,9,1.14,0.7437,0.1483,9,0.66,0.3956,0.1927,9,0.28,0.1787,0.0445,9,0.15,0.555,0.0297,9,0.55,0.5344,0.089,9,0.65,0.2401,0.2224,9,0.86,1.4427,1.5271,9,3.27,0.0675,0.0445,9,0.15,0.4686,0.0593,9,0.52,0.91,0.1779,9,1.05,0.9686,0.1186,9,1.03,1.5929,0.2224,9,1.48,230.7531,32.7947,9,246.45,124.1108,16.7976,9,120.48,105.7887,27.6056,9,93.96,0.2689,0.0593,9,0.21,0.015,0.0297,9,0.05,-0.0012,0.1186,9,0.09,0.0375,0.0445,9,0.08,0.0788,0.1038,9,0.16,86.9615,8.0208,9,95.51,0.045,9.9036,9,7.4,39.3452,2.1349,9,45.31
Locomotoras y material ferroviario (30.2),grandes_medianas,38.8722,16.1453,9,28.22,61.1278,16.1453,9,71.78,12.0313,6.3751,9,18.51,27.1551,2.7131,9,25.45,20.856,3.0541,9,27.82,45.7378,23.6768,9,76.55,15.1925,7.0867,9,2.83,9.2333,6.3158,9,1.22,5.8747,1.6753,9,1.61,39.9008,14.4107,9,20.63,10.6601,2.7576,9,6.61,1.8693,1.4974,9,4.68,28.8137,11.0007,9,9.34,98.6832,0.1334,9,99.6,1.3168,0.1334,9,0.4,100.0,0.0,9,100.0,46.22,6.5678,9,46.42,53.78,6.5678,9,53.58,21.8821,9.1179,9,10.75,31.2355,4.0919,9,42.83,23.3804,1.4529,9,27.74,2.8782,0.2076,9,2.74,0.0,0.0,9,0.0,4.0636,2.1646,9,12.35,1.4886,0.9637,9,0.54,1.9667,1.3047,9,0.43,3.2758,1.2454,9,12.47,0.8597,0.4448,9,2.78,2.3846,0.6672,9,9.69,1.1499,0.0445,9,3.48,0.9999,0.0593,9,2.58,0.4259,0.0593,9,1.35,0.1432,0.0445,9,0.64,0.0783,0.0297,9,0.51,0.5422,0.2372,9,0.23,0.7399,0.0445,9,0.88,0.5766,0.467,6,1.69,3.1246,2.6835,6,28.74,0.094,0.0445,6,0.06,0.5998,0.1038,9,0.8,1.5989,0.5634,9,2.85,1.0022,0.1334,9,1.12,2.6238,0.6672,9,2.02,143.2165,35.2706,9,181.0,186.3487,16.679,9,115.5,151.9291,52.9429,9,64.68,0.3971,0.0593,9,0.26,0.025,0.0148,9,0.1,0.036,0.0148,9,0.1,0.0333,0.0148,9,0.1,0.0583,0.0148,9,0.12,237.5916,26.6568,9,170.2,5.8365,2.8169,9,16.49,55.0628,3.0689,9,47.22
Locomotoras y material ferroviario (30.2),pequeñas,33.0996,4.1364,9,29.59,66.9004,4.1364,9,70.41,17.0685,5.0408,9,18.28,24.6057,3.9585,9,25.7,23.8292,4.1809,9,26.43,73.3143,3.7509,9,77.0,6.4378,3.6027,9,3.3,2.8915,1.1861,9,1.65,2.3763,0.5782,9,1.65,20.5044,3.6768,9,19.7,7.3656,0.9489,9,6.89,3.7269,2.7131,9,4.97,9.0962,2.6538,9,7.85,98.9648,0.3706,9,99.57,1.0352,0.3706,9,0.43,100.0,0.0,9,100.0,42.4498,7.8873,9,48.72,57.5502,7.8873,9,51.28,14.6482,6.464,9,9.99,42.9447,6.8199,9,41.28,34.6656,6.7457,9,27.38,3.5335,0.7561,9,3.06,0.0,0.0,9,0.0,4.4467,5.871,9,10.85,0.2439,0.089,9,0.59,0.9165,0.2669,9,0.52,3.5354,6.0044,9,10.93,1.0131,0.3855,9,2.54,2.4775,5.3373,9,8.38,3.2857,0.6523,9,3.57,2.3898,0.2965,9,2.65,1.1665,0.252,9,1.34,0.6612,0.089,9,0.66,0.4578,0.089,9,0.51,0.2671,0.0297,9,0.23,0.7678,0.1038,9,0.86,1.1775,0.4893,6,1.34,6.9984,9.5107,6,20.96,0.12,0.0297,6,0.06,0.6856,0.1038,9,0.77,2.1056,0.6079,9,2.61,1.045,0.0593,9,1.1,1.6799,0.1038,9,2.06,217.1448,14.6627,9,177.04,132.0986,20.1186,9,121.28,92.0049,20.2669,9,66.71,0.2987,0.0445,9,0.27,0.0325,0.0445,9,0.08,0.0258,0.0445,9,0.08,0.0515,0.0297,9,0.09,0.0743,0.0297,9,0.11,117.9708,19.2884,9,165.6,3.5291,6.0786,9,13.88,41.1422,4.3291,9,45.33
Coquerías y refino de petróleo (19),grandes_medianas,51.2608,6.2417,9,44.8,48.7392,6.2417,9,55.2,19.1,2.0904,9,20.54,19.3423,2.1942,9,19.99,11.5711,5.5152,9,14.68,37.4467,4.0919,9,32.91,23.1493,3.8844,9,27.49,8.6044,4.7294,9,7.43,14.4822,5.9896,9,20.06,39.3893,6.4196,9,39.61,2.2944,0.6672,9,2.9,0.7692,0.3855,9,0.47,35.7829,6.8495,9,36.24,98.8867,0.7116,9,99.45,1.1133,0.7116,9,0.55,100.0,0.0,9,100.0,84.4625,2.2239,9,85.92,15.5375,2.2239,9,14.08,10.5203,1.8236,9,9.92,5.0474,1.4085,9,4.16,1.5049,0.2076,9,1.51,1.6286,0.4448,9,1.3,0.0,0.0,9,0.0,2.5556,1.705,9,1.35,1.5484,0.7116,9,0.88,0.812,0.0445,9,0.97,3.4471,1.7791,9,1.26,0.4816,0.6375,9,0.11,3.1826,1.3936,9,1.14,1.2844,0.2372,9,1.39,0.7967,0.1927,9,0.88,0.29,0.0741,9,0.37,0.0534,0.0297,9,0.07,0.11,0.0593,9,0.16,0.6271,0.0297,9,0.67,0.6271,0.089,9,0.59,1.1,0.5337,6,0.68,4.2417,2.4907,6,1.39,0.2217,0.1853,6,0.27,2.0143,0.3113,9,2.21,4.0443,1.3195,9,4.93,4.0071,0.2817,9,4.0,9.0178,0.2817,6,9.24,40.495,1.238,6,39.52,34.1583,4.2179,6,33.04,4.7183,0.6375,6,5.57,0.115,0.0222,6,0.14,0.05,0.0297,9,0.03,0.1717,0.0148,9,0.08,0.1,0.0148,9,0.05,0.0467,0.0148,9,0.02,6363.1421,2193.3284,9,7554.14,194.9995,69.533,9,86.33,94.641,6.9978,9,113.87
Coquerías y refino de petróleo (19),pequeñas,72.8931,7.3684,9,79.81,27.1069,7.3684,9,20.19,7.9343,2.9948,9,8.81,3.9702,4.596,9,1.67,9.9857,2.6983,9,9.71,58.7673,12.9726,9,71.29,22.1351,14.2179,9,22.19,17.26,18.6805,9,18.09,4.0378,5.3521,9,4.09,18.6279,9.3403,9,6.53,5.9508,4.6108,9,0.24,0.9232,1.023,9,0.92,7.6142,3.8102,9,5.37,98.3087,2.387,9,94.4,1.6913,2.387,9,5.6,100.0,0.0,9,100.0,47.3101,4.2402,9,47.49,52.6899,4.2402,9,52.51,25.4114,5.7079,9,21.81,29.4382,8.3914,9,30.7,12.4117,4.7443,9,12.26,2.359,0.6079,9,3.21,0.0,0.0,9,0.0,12.8619,4.6108,9,15.23,0.0,0.0,9,0.12,1.2771,0.6672,9,2.23,11.134,3.0393,9,13.12,2.29,0.8895,9,2.82,9.0921,3.1431,9,10.3,1.9779,0.6375,9,3.09,1.3807,0.6672,9,1.74,0.9337,0.5041,9,1.49,0.2946,0.2076,9,0.34,0.1399,0.0741,9,0.14,0.4113,0.1334,9,0.29,0.3964,0.1483,9,0.23,0.2219,0.0741,6,0.29,7.9633,3.8769,6,6.82,0.0367,0.0074,6,0.05,0.4867,0.2817,9,0.41,0.8584,0.1334,9,0.51,2.1217,0.8747,9,2.01,3.0983,0.3262,6,2.19,118.0724,11.9496,6,166.4,26.6998,4.9222,6,15.01,31.505,24.8999,6,4.51,0.6363,0.3262,6,0.14,0.065,0.0148,9,0.06,0.0814,0.0297,9,0.06,0.0583,0.0148,9,0.05,0.1214,0.0445,9,0.14,157.9058,93.3136,9,196.46,14.8837,10.1557,9,20.23,21.7296,4.2254,9,24.08
Energía eléctrica prod/transporte/distr (35.1),grandes_medianas,77.8318,6.1972,9,75.67,22.1682,6.1972,9,24.33,1.7696,0.2076,9,2.4,9.7722,2.1349,9,10.4,10.2309,3.6175,9,11.53,41.0433,2.891,9,43.55,38.0067,3.573,9,33.74,5.6022,2.1794,9,3.59,32.4078,2.0756,9,30.15,20.4582,2.8169,9,22.71,2.8114,0.2669,9,3.12,0.9982,0.1779,9,1.52,16.95,3.7361,9,18.07,98.5368,0.252,9,98.55,1.4632,0.252,9,1.45,100.0,0.0,9,100.0,66.0686,3.3655,9,61.67,33.9314,3.3655,9,38.33,10.7644,3.3803,9,12.47,22.5478,4.0919,9,25.86,2.9086,0.3855,9,2.78,6.7555,1.0082,9,6.35,-0.0287,0.0297,9,0.0,13.0556,3.8547,9,16.72,1.7686,0.8451,9,1.63,3.2194,0.8895,9,3.76,11.8911,3.4396,9,14.59,1.7833,0.6079,9,2.4,10.1089,3.6323,9,12.2,1.0343,0.0593,9,1.07,0.9457,0.0445,9,0.97,0.4814,0.089,9,0.51,0.0133,0.0148,9,0.03,0.0071,0.0148,9,0.02,0.5885,0.0297,9,0.56,0.36,0.0741,9,0.4,1.16,0.0741,9,1.7,3.8744,0.8451,9,4.44,0.2299,0.0741,9,0.34,0.48,0.0741,9,0.47,0.6114,0.089,9,0.62,2.2586,0.4744,9,1.92,17.4767,3.3506,9,11.97,21.2684,3.914,9,30.48,71.8713,7.3684,9,81.31,32.2056,0.9044,9,39.53,0.2938,0.0445,9,0.3,0.0622,0.0297,9,0.08,0.1189,0.0297,9,0.13,0.0787,0.0148,9,0.09,0.1689,0.0445,9,0.19,3065.7439,591.6086,9,3326.65,314.5786,70.6894,9,405.78,86.3793,3.1134,9,92.48
Energía eléctrica prod/transporte/distr (35.1),pequeñas,81.77,2.55,9,84.06,18.23,2.55,9,15.94,0.834,0.0297,9,0.57,5.0021,0.6375,9,3.68,12.3185,0.934,9,11.69,32.1543,3.8844,9,35.52,52.71,2.7428,9,51.43,20.8863,5.6042,9,17.24,31.1933,6.1972,9,34.19,15.7227,2.1646,9,13.05,1.7236,0.3262,9,1.07,3.1214,0.8895,9,2.7,10.0372,1.3788,9,9.28,97.4853,0.6227,9,97.17,2.5147,0.6227,9,2.83,100.0,0.0,9,100.0,17.5198,2.7428,9,18.97,82.4802,2.7428,9,81.03,23.3958,3.7064,9,25.76,59.34,2.7279,9,55.27,6.3079,0.7858,9,7.1,22.2914,1.7346,9,23.34,0.0,0.0,9,0.0,30.3165,4.596,9,24.82,8.372,6.0786,9,13.04,15.1496,4.1957,9,20.71,26.0229,10.808,9,17.16,3.9302,2.1646,9,2.85,21.7338,9.2958,9,14.3,1.1681,0.0741,9,1.22,1.1081,0.089,9,1.18,0.7974,0.1334,9,0.9,0.1501,0.0741,9,0.22,0.0233,0.0148,9,0.03,0.6757,0.0445,9,0.64,0.226,0.0148,9,0.2,0.3378,0.1186,9,0.25,2.0963,0.7561,9,1.2,0.1163,0.0445,9,0.14,0.1786,0.0297,9,0.13,0.22,0.0445,9,0.16,0.9774,0.1483,9,0.84,3.887,0.9489,9,4.46,96.6586,21.957,9,81.9,103.0719,12.083,9,100.56,204.6471,77.2869,9,154.03,0.3388,0.0593,9,0.29,0.0529,0.0148,9,0.03,0.12,0.0741,9,0.05,0.076,0.0148,9,0.05,0.43,0.0741,9,0.38,740.0861,107.1905,9,843.51,160.3571,76.427,9,120.66,46.4294,5.4855,9,59.92
"Reparación de prod. metálicos, maquinaria (33.1)",grandes_medianas,27.0787,0.8006,9,26.61,72.9213,0.8006,9,73.39,12.7729,1.7494,9,12.57,31.4472,3.1282,9,27.82,25.3156,6.983,9,33.0,46.817,5.6486,9,58.96,12.8876,3.3506,9,9.22,7.3951,4.3291,9,6.19,5.99,3.8695,9,3.02,38.7067,7.7391,9,31.82,11.3452,0.4151,9,11.07,5.1324,0.4744,9,4.96,21.9829,3.9733,9,15.78,99.0154,0.2076,9,99.21,0.9846,0.2076,9,0.79,100.0,0.0,9,100.0,47.35,2.2832,9,44.04,52.65,2.2832,9,55.96,11.9755,0.9192,9,11.93,40.6856,2.8021,9,44.03,31.6057,0.8747,9,32.36,2.1784,0.1483,9,2.04,0.0,0.0,9,0.0,6.9286,0.9637,9,9.63,0.2512,0.1927,9,0.55,0.5814,0.1927,9,0.68,6.6386,1.2602,9,9.5,1.5771,0.3113,9,2.14,5.0495,0.8006,9,7.36,1.8194,0.3113,9,2.31,1.4496,0.2224,9,1.91,0.633,0.1779,9,1.04,0.2556,0.089,9,0.36,0.31,0.1483,9,0.42,0.5318,0.0593,9,0.41,0.7534,0.0297,9,0.78,0.7714,0.3262,9,0.99,13.4657,6.1675,9,14.07,0.0575,0.0148,9,0.07,1.2267,0.1186,9,1.17,4.2888,0.5189,9,4.4,1.7656,0.2372,9,1.6,4.4724,0.3855,9,4.1,81.713,7.5908,9,88.98,94.1557,5.4559,9,86.72,72.3633,9.5182,9,78.4,0.3633,0.0445,9,0.4,0.0857,0.0148,9,0.11,0.1325,0.0148,9,0.15,0.09,0.0148,9,0.11,0.0738,0.0148,9,0.09,134.8863,7.3536,9,139.74,6.6962,0.6523,9,10.29,42.6267,2.8614,9,45.23
"Reparación de prod. metálicos, maquinaria (33.1)",pequeñas,30.139,1.8829,9,26.62,69.861,1.8829,9,73.38,12.4581,0.3558,9,12.47,29.7811,2.2239,9,27.55,28.0378,4.9073,9,33.35,53.4607,0.8006,9,59.64,11.5438,1.7346,9,8.81,8.1793,1.0675,9,6.55,3.0559,0.6523,9,2.26,33.4079,1.3343,9,31.55,12.2744,1.1712,9,10.9,5.1553,0.341,9,4.86,16.0396,0.5782,9,15.8,99.1778,0.2076,9,99.23,0.8222,0.2076,9,0.77,100.0,0.0,9,100.0,44.394,0.4448,9,43.85,55.606,0.4448,9,56.15,12.5614,0.5337,9,12.04,43.0933,0.9785,9,44.1,33.5157,1.1712,9,32.51,2.1724,0.1483,9,2.05,0.0,0.0,9,0.0,7.2478,0.7561,9,9.54,0.1919,0.0593,9,0.53,0.6124,0.1038,9,0.69,6.8177,0.9044,9,9.39,1.5536,0.2224,9,2.11,5.2446,0.6227,9,7.28,2.1022,0.2817,9,2.33,1.7289,0.2817,9,1.93,0.8422,0.252,9,1.06,0.3133,0.0741,9,0.36,0.3689,0.0593,9,0.42,0.46,0.0148,9,0.4,0.7472,0.0297,9,0.78,0.664,0.0445,9,0.95,11.9676,2.6242,9,13.91,0.055,0.0148,9,0.07,1.1778,0.089,9,1.16,4.0002,0.3706,9,4.35,1.68,0.1779,9,1.58,4.18,0.3855,9,4.08,87.7211,7.9763,9,89.51,92.1171,3.0986,9,86.75,85.6833,5.53,9,78.25,0.412,0.0148,9,0.4,0.0886,0.0148,9,0.11,0.12,0.0,9,0.14,0.0887,0.0148,9,0.11,0.07,0.0,9,0.09,115.3033,7.6205,9,137.95,6.0559,1.0823,9,10.04,38.7832,2.209,9,44.85
Instalación de máquinas y equipos industriales (33.2),grandes_medianas,38.9745,6.7754,9,30.25,61.0255,6.7754,9,69.75,12.0926,2.7872,9,13.95,24.9895,4.2847,9,25.55,25.5997,4.8629,9,30.24,39.6185,14.5589,9,54.38,20.85,9.9778,9,10.76,6.6262,2.4611,9,6.07,12.2096,7.7094,9,4.69,39.188,4.0771,9,34.86,10.5767,2.3128,9,10.34,7.1322,2.7428,9,4.18,21.1436,2.0756,9,20.34,99.2503,0.2076,9,99.35,0.7497,0.2076,9,0.65,100.0,0.0,9,100.0,48.1703,2.1201,9,46.33,51.8297,2.1201,9,53.67,10.8814,1.5122,9,11.27,40.5463,1.9125,9,42.4,30.2194,3.8844,9,32.99,2.5968,0.5041,9,1.47,0.0,0.0,9,0.0,8.0689,2.1794,9,7.94,0.5782,0.2372,9,0.7,3.2396,2.8614,9,0.79,5.4325,3.7806,9,7.85,1.7129,0.4893,9,1.83,5.0866,1.6308,9,6.02,1.5046,0.2076,9,2.0,1.2038,0.1483,9,1.6,0.6267,0.2372,9,0.87,0.2721,0.0445,9,0.32,0.1882,0.0593,9,0.35,0.6033,0.1483,9,0.46,0.6715,0.089,9,0.76,0.4327,0.3855,9,0.79,5.6544,5.2187,9,10.0,0.167,0.1186,9,0.08,0.8503,0.2372,9,1.08,2.3244,1.1861,9,3.57,1.4246,0.2669,9,1.55,3.47,1.6308,9,3.58,113.8706,36.3232,9,101.87,108.1911,20.8747,9,86.44,97.3469,12.0979,9,75.49,0.4371,0.0445,9,0.4,0.0713,0.0148,9,0.09,0.0901,0.0593,9,0.12,0.0557,0.0297,9,0.08,0.0584,0.0445,9,0.07,145.4671,21.2454,9,135.4,5.2886,8.2728,9,8.15,44.3841,4.3884,9,44.67
Instalación de máquinas y equipos industriales (33.2),pequeñas,27.3567,1.6457,9,29.77,72.6433,1.6457,9,70.23,14.0738,0.7116,9,13.85,30.5456,3.5878,9,26.06,28.1011,2.1349,9,30.32,48.1563,2.0015,9,55.55,11.1201,1.1861,9,9.64,6.9558,1.2009,9,5.83,4.2085,0.2817,9,3.81,39.4267,5.0259,9,34.81,14.6436,2.1201,9,10.77,5.2971,0.9192,9,3.89,19.6535,1.9718,9,20.15,99.3151,0.089,9,99.36,0.6849,0.089,9,0.64,100.0,0.0,9,100.0,46.8056,1.1268,9,47.29,53.1944,1.1268,9,52.71,11.8605,0.8451,9,11.01,41.135,0.6375,9,41.71,33.348,0.5634,9,32.52,1.6189,0.1779,9,1.47,0.0,0.0,9,0.0,5.9379,0.6079,9,7.71,0.3983,0.0741,9,0.58,0.6333,0.1483,9,0.78,5.8178,1.3788,9,7.51,1.2761,0.3113,9,1.82,4.5267,1.0675,9,5.68,1.85,0.1334,9,2.02,1.4933,0.1186,9,1.62,0.72,0.1186,9,0.87,0.2913,0.0445,9,0.32,0.3367,0.0148,9,0.35,0.5138,0.0297,9,0.44,0.7725,0.0445,9,0.78,0.5643,0.1186,9,0.81,9.7529,1.8384,9,9.86,0.0587,0.0148,9,0.09,1.14,0.0741,9,1.1,4.1868,0.2669,9,3.71,1.57,0.0741,9,1.57,3.811,0.4893,9,3.77,96.1582,13.8028,9,96.73,97.1925,6.1824,9,86.1,101.121,9.0289,9,75.23,0.4757,0.0297,9,0.41,0.0687,0.0148,9,0.09,0.105,0.0148,9,0.11,0.08,0.0,9,0.08,0.0611,0.0148,9,0.07,117.1374,11.401,9,137.49,5.1561,0.8302,9,7.81,39.3396,3.0838,9,44.72
Servicios técnicos arquitectura e ingeniería (71),grandes_medianas,39.2744,8.8213,9,29.8,60.7256,8.8213,9,70.2,5.7269,1.1861,9,5.69,31.0845,3.4396,9,35.71,23.77,4.4477,9,28.79,40.0497,5.6486,9,37.67,16.9774,1.4381,9,15.91,5.0829,0.4151,9,4.93,11.7509,1.0971,9,10.98,41.8922,3.8992,9,46.42,14.2991,1.3788,9,15.84,3.5635,0.5041,9,4.18,24.04,2.6242,9,26.4,98.2244,0.1631,9,98.33,1.7756,0.1631,9,1.67,100.0,0.0,9,100.0,41.2162,2.387,9,40.95,58.7838,2.387,9,59.05,14.8971,1.1268,9,13.75,44.0371,1.8977,9,45.3,31.4881,2.387,9,34.57,2.2473,0.4299,9,1.97,0.0,0.0148,9,-0.01,10.1043,2.209,9,8.75,2.4844,0.8006,9,2.67,2.9157,0.8747,9,2.67,9.4343,2.1497,9,8.75,1.2239,0.3855,9,1.43,8.0295,1.5419,9,7.32,1.4601,0.089,9,1.51,1.3318,0.0741,9,1.39,0.565,0.0741,9,0.62,0.2811,0.1186,9,0.28,0.2017,0.0297,9,0.24,0.5978,0.0593,9,0.62,0.7072,0.0297,9,0.74,0.8186,0.2965,9,0.85,3.4469,1.4381,9,3.27,0.2257,0.0593,9,0.25,0.657,0.089,9,0.84,1.4918,0.1483,9,2.81,1.1087,0.089,9,1.19,4.9941,1.0823,9,6.02,73.2176,13.3432,9,60.6,170.4073,17.8058,9,155.77,190.4856,19.0956,9,168.75,0.4578,0.0297,9,0.44,0.0667,0.0148,9,0.07,0.148,0.0297,9,0.16,0.072,0.0148,9,0.08,0.102,0.0148,9,0.09,158.4394,13.7287,9,154.11,13.21,3.9881,9,11.28,48.5945,0.8154,9,53.27
Servicios técnicos arquitectura e ingeniería (71),pequeñas,44.2758,5.9303,9,39.12,55.7242,5.9303,9,60.88,6.0656,0.2669,9,5.85,23.8844,1.2305,9,22.42,24.6799,7.3832,9,32.61,49.9722,5.3521,9,52.94,19.94,5.5152,9,15.11,6.9714,1.3047,9,5.83,12.3648,2.9059,9,9.28,30.2056,3.7806,9,31.95,7.2875,0.934,9,6.16,4.9574,1.0675,9,5.24,17.8153,3.1134,9,20.55,98.3601,0.1631,9,98.31,1.6399,0.1631,9,1.69,100.0,0.0,9,100.0,35.7206,0.9044,9,34.47,64.2794,0.9044,9,65.53,16.4478,1.9867,9,15.38,47.6156,1.9422,9,50.15,36.2244,1.275,9,35.98,2.3341,0.1927,9,2.23,0.0,0.0,9,0.0,8.5703,1.0675,9,11.94,2.99,1.9422,9,3.52,3.7266,1.8829,9,2.47,7.6357,4.5219,9,13.0,1.7822,0.5189,9,2.23,7.39,5.2335,9,10.77,1.87,0.0741,9,1.91,1.6163,0.1038,9,1.72,0.81,0.2076,9,1.02,0.3986,0.0445,9,0.4,0.2538,0.0297,9,0.29,0.5,0.0593,9,0.47,0.6088,0.0593,9,0.68,0.4116,0.1334,9,0.84,2.4506,0.9044,9,4.84,0.1839,0.0445,9,0.16,0.6801,0.0445,9,0.72,1.529,0.341,9,1.84,1.1733,0.1038,9,1.18,3.9745,0.5782,9,4.23,91.1984,10.8228,9,86.22,131.4434,13.2839,9,113.86,107.8565,16.768,9,90.75,0.3043,0.0297,9,0.27,0.0567,0.0148,9,0.09,0.0843,0.0593,9,0.15,0.0557,0.0297,9,0.09,0.0843,0.0445,9,0.13,116.0856,11.5938,9,130.63,6.7739,4.0771,9,14.07,41.6905,2.0904,9,47.0
Investigación y desarrollo (72),grandes_medianas,46.1283,2.6983,9,50.31,53.8717,2.6983,9,49.69,2.7381,0.4151,9,2.56,33.1752,7.0423,9,24.7,19.9141,1.8087,9,22.43,47.6611,4.7294,9,53.69,20.6256,5.1297,9,16.34,1.9443,0.5634,9,0.91,18.5616,4.2402,9,15.43,31.8014,2.298,9,29.98,4.7877,2.0015,9,2.46,1.3259,0.682,9,0.8,25.4536,2.7131,9,26.71,95.0789,2.209,9,93.55,4.9211,2.209,9,6.45,100.0,0.0,9,100.0,24.2913,4.8036,9,20.58,75.7087,4.8036,9,79.42,25.9071,2.9207,9,9.94,49.611,5.4114,9,69.48,29.5943,3.1282,9,32.31,5.9903,1.0082,9,6.6,0.0,0.0,9,0.0,14.8029,6.0341,9,30.56,0.7336,0.6227,9,3.06,0.7057,0.1927,9,1.26,14.7943,5.9451,9,32.36,1.1355,0.7413,9,4.4,13.6714,4.9222,9,27.96,1.6999,0.1038,9,1.66,1.627,0.1186,9,1.57,0.625,0.0741,9,0.75,0.2985,0.0593,9,0.28,0.212,0.0148,9,0.2,0.5256,0.0593,9,0.46,0.6125,0.0445,9,0.65,4.8729,2.209,9,14.01,20.5829,11.0749,9,24.21,0.1756,0.089,9,0.51,0.7986,0.0593,9,0.69,1.8644,0.5634,9,1.38,1.4112,0.1038,9,1.4,6.0735,0.7561,9,5.57,59.6725,9.6071,9,65.5,152.5042,24.1216,9,129.87,86.2326,21.1861,9,62.86,0.1412,0.0445,9,0.1,0.1186,0.0593,9,0.21,0.23,0.089,9,0.36,0.155,0.0297,9,0.24,0.1943,0.0445,9,0.35,205.8655,4.1957,9,205.65,29.0343,10.9859,9,57.5,62.1088,7.3239,9,66.45
Investigación y desarrollo (72),pequeñas,55.1492,1.6308,9,54.65,44.8508,1.6308,9,45.35,2.2143,0.2076,9,2.58,19.0899,1.1416,9,19.44,23.4857,1.2454,9,23.34,52.0728,1.3047,9,50.55,22.1428,1.1564,9,23.51,4.1413,0.5189,9,3.79,17.836,1.9274,9,19.72,25.8333,1.1861,9,25.94,2.8157,0.4893,9,2.19,2.2485,0.4003,9,2.05,20.6911,2.3573,9,21.7,84.319,1.0378,9,84.51,15.681,1.0378,9,15.49,100.0,0.0,9,100.0,21.3972,1.705,9,25.69,78.6028,1.705,9,74.31,18.25,3.1431,9,15.52,59.9529,2.7428,9,58.78,49.4584,1.7939,9,49.27,11.2056,2.891,9,9.29,0.0,0.0,9,0.0,-0.3844,3.6768,9,0.23,2.3329,1.7939,9,2.92,3.3643,0.5782,9,3.56,-2.04,5.0556,9,-0.41,-1.6982,0.9637,9,-0.34,-0.3024,3.9437,9,-0.08,1.7278,0.089,9,1.75,1.6389,0.1186,9,1.65,0.9063,0.0593,9,0.9,0.5122,0.0445,9,0.51,0.1886,0.0148,9,0.19,0.4775,0.0148,9,0.49,0.52,0.0,9,0.52,0.6382,0.1779,9,0.6,0.0396,0.6375,9,0.06,0.1971,0.0445,9,0.23,0.368,0.0148,9,0.38,0.6589,0.0741,9,0.69,0.8283,0.0148,9,0.84,3.6591,0.3855,9,3.78,99.1775,8.762,9,96.66,189.32,9.9036,9,187.22,136.24,43.7658,9,82.05,0.1513,0.0297,9,0.11,-0.0004,0.0148,9,0.001,-0.0019,0.0326,9,-0.001,0.0383,0.0148,9,0.03,0.1114,0.0297,9,0.09,91.2163,6.0341,9,103.64,-0.244,3.3506,9,-0.08,44.4462,1.0971,9,51.06
"Contabilidad, auditoría y asesoría fiscal (69.2)",grandes_medianas,77.506,1.3491,9,75.0,22.494,1.3491,9,25.0,0.4142,0.1038,9,0.51,7.1556,2.0015,9,5.28,15.3962,5.1594,9,19.21,52.9111,13.106,9,65.05,22.7752,2.2387,9,14.15,4.3775,2.0608,9,2.23,19.386,3.9881,9,11.92,21.4389,6.7457,9,20.8,2.4478,0.7858,9,2.31,3.0224,2.6686,9,7.94,15.8189,5.7079,9,10.55,98.0729,0.2669,9,98.8,1.9271,0.2669,9,1.2,100.0,0.0,9,100.0,14.5182,4.8184,9,16.94,85.4818,4.8184,9,83.06,36.6114,6.1231,9,21.08,49.7171,3.3951,9,61.98,28.901,7.0274,9,19.27,2.577,1.023,9,1.33,0.0,0.0,9,0.0,18.9033,7.1016,9,41.38,2.8119,0.7116,9,1.99,5.4407,1.9125,9,8.28,17.1462,5.8117,9,35.09,0.2688,0.252,9,0.31,18.7378,8.1542,9,34.79,1.1782,0.1038,9,1.2,1.1661,0.089,9,1.18,0.8551,0.0741,9,0.92,0.1481,0.0593,9,0.15,0.03,0.0297,9,0.04,0.47,0.1186,9,0.35,0.4801,0.089,9,0.6,0.7411,0.341,9,1.02,3.6519,1.2454,9,5.0,0.1633,0.0445,9,0.23,0.2958,0.0593,9,0.29,0.3817,0.089,9,0.38,1.2698,0.2372,9,1.15,10.3082,1.5864,9,9.62,35.9066,5.619,9,37.93,92.445,12.5278,9,66.82,241.7416,101.1416,9,172.27,0.3371,0.0445,9,0.44,0.0557,0.0297,9,0.12,0.1025,0.0593,9,0.15,0.06,0.0297,9,0.1,0.1933,0.0445,9,0.36,203.1883,33.4025,9,341.29,35.7756,17.613,9,118.73,57.7442,1.2305,9,65.77
"Contabilidad, auditoría y asesoría fiscal (69.2)",pequeñas,75.7989,2.7279,9,77.49,24.2011,2.7279,9,22.51,0.9306,0.3113,9,0.41,5.3733,0.8451,9,4.83,17.9191,1.7198,9,17.27,63.8056,3.7954,9,62.05,20.2623,1.5122,9,21.04,6.7178,2.9059,9,4.03,13.6833,3.6471,9,17.01,15.7922,2.4611,9,16.91,1.0078,0.2372,9,0.99,2.3111,1.0823,9,1.62,12.4722,2.8466,9,14.29,97.2859,0.4299,9,97.51,2.7141,0.4299,9,2.49,100.0,0.0,9,100.0,7.5424,0.4299,9,7.81,92.4576,0.4299,9,92.19,33.2043,2.6983,9,34.01,59.3418,2.7428,9,58.19,44.3288,0.7265,9,44.24,2.2487,0.0741,9,2.22,0.0,0.0,9,0.0,12.9929,2.3721,9,11.72,9.7064,4.685,9,13.14,5.0921,1.8532,9,10.82,17.11,3.7064,9,14.04,1.6572,0.6227,9,1.5,17.5379,5.6042,9,12.54,1.597,0.1631,9,1.33,1.5562,0.1038,9,1.31,1.1802,0.089,9,1.02,0.4061,0.0445,9,0.24,0.094,0.0148,9,0.06,0.3622,0.0297,9,0.38,0.4362,0.0445,9,0.45,0.455,0.0741,9,0.6,2.8572,0.7561,9,1.08,0.12,0.0445,9,0.44,0.2313,0.0148,9,0.23,0.3071,0.0148,9,0.3,0.9611,0.1038,9,1.03,1.9822,0.5782,9,4.37,183.99,89.2661,9,83.49,85.005,12.4537,9,76.43,206.5889,36.0563,9,201.21,0.182,0.0148,9,0.21,0.03,0.0,9,0.03,0.0557,0.0148,9,0.05,0.04,0.0148,9,0.03,0.1771,0.0445,9,0.15,93.5444,2.2683,9,107.37,14.3481,2.4166,9,13.47,42.148,1.7791,9,47.5
Consultoría de gestión empresarial (70.2),grandes_medianas,74.71,2.891,9,75.89,25.29,2.891,9,24.11,0.6218,0.1483,9,0.75,9.8681,0.3706,9,9.82,14.3001,2.5649,9,13.54,59.819,4.4774,9,61.88,18.6252,2.7724,9,19.82,6.9531,1.2305,9,8.53,11.8278,1.7198,9,11.3,21.5944,3.4248,9,18.3,2.208,0.1334,9,1.86,1.6811,0.4003,9,1.52,17.7133,3.7361,9,14.91,98.829,0.341,9,98.95,1.171,0.341,9,1.05,100.0,0.0,9,100.0,15.4951,3.0541,9,10.71,84.5049,3.0541,9,89.29,28.4409,3.2024,9,28.55,53.6022,9.2216,9,60.74,33.2222,7.7687,9,37.34,2.1233,1.1119,9,2.05,-0.0299,0.0297,9,0.0,18.2546,2.7428,9,21.34,6.4178,5.7821,9,9.82,5.6526,2.7428,9,5.12,16.9347,11.9941,9,26.04,0.6707,1.0378,9,1.31,16.2533,11.0749,9,24.73,1.1857,0.1927,9,1.32,1.1518,0.1779,9,1.28,0.6784,0.1038,9,0.74,0.115,0.0741,9,0.15,0.0384,0.0297,9,0.06,0.4013,0.0445,9,0.38,0.5443,0.0741,9,0.48,0.7611,0.5782,9,1.05,3.7586,2.209,9,4.17,0.217,0.1038,9,0.2,0.3475,0.0445,9,0.39,0.4675,0.0741,9,0.52,1.39,0.1038,9,1.64,8.8033,2.9948,9,5.6,44.1263,14.9444,9,65.17,108.5257,21.0823,9,90.91,142.0989,48.0504,9,160.95,0.22,0.0297,9,0.19,0.0614,0.0148,9,0.08,0.0938,0.0593,9,0.16,0.0678,0.0445,9,0.11,0.1844,0.1186,9,0.27,156.9766,15.0927,9,165.84,27.5228,12.4388,9,41.01,52.913,5.5448,9,61.93
Consultoría de gestión empresarial (70.2),pequeñas,71.8121,1.7791,9,69.25,28.1879,1.7791,9,30.75,1.1188,0.1483,9,1.14,8.2467,2.1794,9,10.72,18.1776,1.6605,9,18.89,68.3152,1.6605,9,66.93,13.7942,1.1712,9,14.13,5.2567,1.1564,9,4.0,8.4805,2.1053,9,10.13,17.43,1.2305,9,18.94,1.3848,0.3262,9,1.75,2.3197,0.2669,9,2.2,13.5711,0.5486,9,14.99,96.46,1.1268,9,95.26,3.54,1.1268,9,4.74,100.0,0.0,9,100.0,18.5929,0.8747,9,18.51,81.4071,0.8747,9,81.49,26.659,2.0015,9,25.22,54.4697,1.8236,9,56.27,38.2402,2.1497,9,39.15,2.1898,0.4003,9,1.87,0.0,0.0,9,0.0,14.0843,3.5878,9,15.24,11.818,3.0096,9,11.37,3.1305,1.023,9,3.33,24.006,3.4544,9,23.28,1.9156,0.5189,9,2.52,22.0262,3.232,9,20.76,1.5981,0.0593,9,1.62,1.525,0.0741,9,1.56,1.0329,0.0741,9,1.0,0.3366,0.0445,9,0.31,0.1057,0.0148,9,0.12,0.3172,0.0148,9,0.33,0.5589,0.0445,9,0.57,0.9989,0.4151,9,1.38,4.8604,1.8384,9,4.57,0.1166,0.0593,9,0.2,0.2844,0.0741,9,0.38,0.3944,0.1631,9,0.54,1.0322,0.2817,9,1.23,4.8844,1.1564,9,6.12,77.3954,19.1698,9,59.62,105.819,5.871,9,103.69,96.0763,9.9036,9,91.43,0.1671,0.0148,9,0.16,0.04,0.0148,9,0.06,0.104,0.0148,9,0.12,0.074,0.0148,9,0.09,0.2416,0.0297,9,0.23,125.9879,8.3766,9,134.32,28.5168,4.8184,9,27.88,47.5997,2.7279,9,52.59
Programación y consultoría informática (62),grandes_medianas,44.1767,3.3803,9,47.23,55.8233,3.3803,9,52.77,2.4256,1.0971,9,2.72,29.0607,1.1712,9,27.88,23.7054,1.9422,9,22.17,32.7489,8.9844,9,39.81,18.8453,2.0904,9,15.88,5.6973,2.98,9,2.05,12.4761,2.7576,9,13.83,48.3218,1.3936,9,44.31,7.9522,1.3047,9,7.38,2.2582,0.1483,9,2.16,38.7214,2.9355,9,34.76,98.39,0.2076,9,98.21,1.61,0.2076,9,1.79,100.0,0.0,9,100.0,26.8329,1.6901,9,25.6,73.1671,1.6901,9,74.4,25.3314,1.616,9,24.28,47.442,1.9274,9,50.12,39.7989,3.1282,9,42.29,4.1144,0.252,9,4.22,0.0,0.0,9,0.07,3.576,0.4003,9,3.69,1.2432,0.2372,9,1.58,1.0423,0.4299,9,1.56,3.6946,0.8451,9,3.7,0.8244,0.2372,9,0.81,2.8744,0.8154,9,2.89,1.1444,0.1334,9,1.19,1.0944,0.1038,9,1.13,0.4912,0.0741,9,0.5,0.0671,0.0445,9,0.08,0.07,0.0445,9,0.08,0.6722,0.089,9,0.6,0.7257,0.0297,9,0.74,0.9448,0.3113,9,1.81,3.7789,2.3128,9,2.36,0.1049,0.0297,9,0.4,1.0286,0.0593,9,1.07,2.3032,0.2076,9,2.27,1.844,0.0741,9,2.03,11.4464,2.2387,9,10.1,32.1757,8.8807,9,36.14,104.1943,6.5234,9,95.0,104.56,13.9807,9,98.27,0.2729,0.0297,9,0.26,0.04,0.0,9,0.04,0.084,0.0148,9,0.08,0.0711,0.0148,9,0.08,0.0689,0.0148,9,0.07,135.476,5.3225,9,142.77,3.8811,1.2009,9,4.12,52.2719,1.3047,9,60.37
Programación y consultoría informática (62),pequeñas,38.2521,0.6079,9,41.83,61.7479,0.6079,9,58.17,2.4326,0.2372,9,2.23,28.69,2.9503,9,27.26,30.3056,1.3788,9,28.68,51.0362,2.5945,9,53.52,14.7543,1.3936,9,13.76,6.2956,1.3195,9,6.14,8.2683,0.934,9,7.62,34.2333,2.9059,9,32.72,6.3317,0.8747,9,5.04,4.8963,0.7561,9,3.93,22.9267,1.0675,9,23.75,98.1526,0.1779,9,98.04,1.8474,0.1779,9,1.96,100.0,0.0,9,100.0,23.812,1.0971,9,22.68,76.188,1.0971,9,77.32,15.9438,0.7561,9,15.68,60.3711,2.0608,9,61.64,49.3941,0.6227,9,49.77,3.2651,0.1038,9,3.51,0.0,0.0,9,0.02,7.898,0.9489,9,8.37,0.7625,0.3262,9,1.23,0.9771,0.1927,9,1.93,7.6033,1.275,9,7.68,1.3743,0.1927,9,1.38,6.2267,1.1712,9,6.3,1.7999,0.1038,9,1.78,1.7287,0.1038,9,1.71,0.8933,0.1334,9,0.88,0.27,0.0148,9,0.26,0.272,0.0148,9,0.25,0.4889,0.0297,9,0.46,0.6975,0.0297,9,0.7,0.8456,0.1186,9,0.95,7.9975,1.2305,9,4.34,0.0871,0.0297,9,0.19,1.0122,0.0593,9,0.98,2.6411,0.252,9,2.34,1.66,0.0297,9,1.68,9.9968,0.2669,9,9.92,36.5061,0.9192,9,36.81,103.3167,4.1216,9,101.83,96.4483,6.0341,9,83.02,0.224,0.0148,9,0.18,0.0812,0.0059,9,0.082,0.1241,0.0119,9,0.115,0.0982,0.0015,9,0.096,0.0953,0.0119,9,0.098,84.8698,2.8317,9,102.74,5.4689,1.4085,9,6.47,42.1018,2.1497,9,51.14
Almacenamiento y anexas al transporte (52),grandes_medianas,78.6044,6.7013,9,73.29,21.3956,6.7013,9,26.71,0.5086,0.1186,9,0.62,9.6722,2.8021,9,11.92,11.24,3.2172,9,14.17,44.2568,3.4248,9,48.55,38.4543,7.5167,9,29.05,12.5913,1.6605,9,12.01,24.3239,6.3899,9,17.04,17.6244,4.2105,9,22.39,3.5822,1.5864,9,4.64,2.5203,0.9785,9,4.32,11.3489,2.0163,9,13.43,98.683,0.1334,9,98.73,1.317,0.1334,9,1.27,100.0,0.0,9,100.0,41.4922,5.9303,9,41.48,58.5078,5.9303,9,58.52,20.1989,4.8777,9,23.97,38.3078,7.3832,9,34.55,14.787,0.6079,9,15.97,7.4717,1.6901,9,5.6,0.0,0.0,9,0.0,15.83,8.3024,9,12.98,1.524,0.2372,9,1.59,3.3771,0.934,9,3.24,14.0944,7.5463,9,11.33,3.0333,1.8087,9,2.95,11.026,5.4855,9,8.38,1.22,0.1038,9,1.19,1.1929,0.089,9,1.16,0.6525,0.0297,9,0.63,0.0757,0.0297,9,0.06,0.0383,0.0148,9,0.04,0.5612,0.0445,9,0.51,0.3167,0.1038,9,0.44,0.5751,0.1779,9,0.59,4.5129,0.8006,9,4.01,0.1086,0.0297,9,0.14,0.4841,0.1334,9,0.69,0.6169,0.1779,9,0.94,2.2852,0.3855,9,2.58,43.5622,9.5923,9,45.96,8.4896,1.5715,9,7.94,70.8281,7.8725,9,63.02,64.4267,8.4804,9,59.12,0.3667,0.0593,9,0.39,0.0767,0.0148,9,0.09,0.1214,0.0445,9,0.12,0.09,0.0148,9,0.1,0.1533,0.0148,9,0.14,295.9183,29.1623,9,283.65,33.3249,17.6279,9,23.76,44.1297,1.9274,9,45.31
Almacenamiento y anexas al transporte (52),pequeñas,64.7622,3.3358,9,64.77,35.2378,3.3358,9,35.23,1.9011,1.1564,9,1.7,16.8022,2.9207,9,14.67,16.289,0.8747,9,18.86,41.9319,3.7954,9,52.92,31.6733,5.8414,9,25.63,17.5643,3.3803,9,12.52,13.5585,0.934,9,13.11,24.9011,4.3736,9,21.45,7.0043,1.0823,9,5.89,5.1276,2.0904,9,3.86,12.6407,1.1712,9,11.7,96.5993,0.6375,9,97.26,3.4007,0.6375,9,2.74,100.0,0.0,9,100.0,48.6771,1.1861,9,47.08,51.3229,1.1861,9,52.92,20.5769,0.7413,9,19.74,29.8929,2.1646,9,33.18,19.2409,0.7561,9,19.48,3.8643,0.1631,9,3.82,0.0,0.0,9,0.0,7.1727,1.0082,9,9.88,2.2856,1.8532,9,4.33,2.0543,0.341,9,2.23,6.7911,1.8087,9,11.98,1.3998,0.252,9,2.04,6.71,4.7294,9,9.95,1.4344,0.2372,9,1.64,1.3588,0.1779,9,1.56,0.6616,0.089,9,0.88,0.16,0.0297,9,0.21,0.1086,0.0297,9,0.14,0.584,0.0297,9,0.47,0.435,0.0297,9,0.46,0.2918,0.1038,9,0.54,3.6455,0.8154,9,4.44,0.0625,0.0148,9,0.09,0.68,0.0445,9,0.65,1.0533,0.1334,9,1.0,1.9239,0.0445,9,1.83,19.7583,7.7539,9,17.89,20.6344,10.4522,9,20.4,90.1067,8.7472,9,82.89,76.6533,7.7687,9,70.74,0.4171,0.0148,9,0.4,0.05,0.0,9,0.06,0.09,0.0297,9,0.12,0.0657,0.0148,9,0.09,0.092,0.0148,9,0.14,203.9245,20.934,9,219.67,11.6861,5.278,9,21.85,38.6333,3.3062,9,42.79
Transporte de mercancía por carretera (4941),grandes_medianas,44.6412,0.6968,9,45.35,55.3588,0.6968,9,54.65,0.9883,0.1186,9,0.94,38.019,1.6012,9,32.33,17.0086,2.7724,9,21.38,40.7043,1.5271,9,41.9,15.9347,0.8451,9,15.6,11.9207,0.4596,9,11.99,3.9622,0.5634,9,3.6,43.0933,3.1727,9,42.5,15.3667,2.2832,9,12.85,9.0247,0.6375,9,8.36,18.4686,1.0971,9,21.29,98.2218,0.2076,9,98.67,1.7782,0.2076,9,1.33,100.0,0.0,9,100.0,59.4789,3.2765,9,57.39,40.5211,3.2765,9,42.61,16.8556,1.2898,9,16.82,23.6656,2.639,9,25.79,16.9267,1.4085,9,18.45,3.0969,0.2076,9,3.47,0.0,0.0,9,0.0,3.6356,0.8451,9,3.87,0.4922,0.1186,9,0.69,0.5461,0.3706,9,1.02,3.5721,0.6968,9,3.55,0.6801,0.2372,9,0.71,2.8853,0.4299,9,2.83,1.2922,0.0741,9,1.29,1.2628,0.0593,9,1.26,0.3989,0.1038,9,0.5,0.0762,0.0148,9,0.08,0.1244,0.0297,9,0.12,0.5943,0.0148,9,0.58,0.7329,0.0148,9,0.73,0.4484,0.0297,9,0.46,8.3752,4.5367,9,3.81,0.0366,0.0148,9,0.07,1.6361,0.0593,9,1.48,3.6657,0.2372,9,3.27,2.9311,0.1631,9,2.72,98.8849,13.0764,9,90.82,3.7422,0.5337,9,4.02,83.958,1.9125,9,79.49,57.9368,3.6323,9,55.06,0.4114,0.0297,9,0.4,0.0586,0.0148,9,0.06,0.115,0.0148,9,0.1,0.1,0.0,9,0.09,0.06,0.0,9,0.06,224.8546,6.9533,9,229.16,6.4522,0.8599,9,6.5,37.7912,2.55,9,42.27
Transporte de mercancía por carretera (4941),pequeñas,44.8402,2.0163,9,47.78,55.1598,2.0163,9,52.22,1.5713,0.089,9,1.54,34.6772,1.3047,9,31.21,19.1033,1.8236,9,19.46,42.9184,1.3788,9,46.95,20.2993,0.4299,9,19.98,15.0393,0.4448,9,14.59,5.1918,0.252,9,5.39,35.9811,3.2617,9,33.07,11.8156,2.0904,9,9.34,7.868,0.3113,9,7.92,16.33,0.9192,9,15.81,98.6234,0.1038,9,98.83,1.3766,0.1038,9,1.17,100.0,0.0,9,100.0,44.031,2.0756,9,41.2,55.969,2.0756,9,58.8,24.31,0.1927,9,24.45,31.5553,1.8829,9,34.36,22.09,1.4826,9,23.35,4.6,0.1779,9,4.67,0.0,0.0,9,0.0,4.7883,0.8451,9,6.33,0.1962,0.1186,9,0.25,0.6171,0.0741,9,0.86,4.4008,0.7413,9,5.72,1.0357,0.1779,9,1.34,3.4062,0.6523,9,4.38,1.5356,0.1483,9,1.58,1.4911,0.1483,9,1.53,0.5356,0.1038,9,0.59,0.1333,0.0148,9,0.13,0.1922,0.0297,9,0.19,0.5714,0.0148,9,0.53,0.6344,0.0445,9,0.62,0.4878,0.089,9,0.58,7.3829,0.2965,9,7.34,0.04,0.0148,9,0.06,1.4229,0.0445,9,1.44,3.148,0.0297,9,3.01,2.5826,0.1483,9,2.75,38.9126,1.1416,9,38.45,9.3785,0.2817,9,9.49,89.3776,5.3669,9,79.23,69.1478,10.2891,9,57.57,0.3422,0.0445,9,0.3,0.07,0.0148,9,0.091,0.1119,0.0297,9,0.134,0.1138,0.0148,9,0.13,0.0803,0.0074,9,0.091,160.7514,9.4144,9,172.41,5.3908,1.2602,9,7.55,34.9722,1.7939,9,40.26
Comercio al por menor no especializado / supermercados (47.1),grandes_medianas,61.73,4.0919,9,59.47,38.27,4.0919,9,40.53,10.7513,0.6079,9,9.56,5.9156,1.0082,9,4.93,21.5789,3.6471,9,26.03,48.3611,5.7821,9,54.27,7.7733,3.8251,9,4.23,2.7814,0.934,9,1.13,4.1079,1.8236,9,3.1,43.8746,1.705,9,41.5,26.596,1.9274,9,23.41,1.5932,0.1334,9,1.76,15.5605,0.8006,9,16.33,98.1886,0.2224,9,98.58,1.8114,0.2224,9,1.42,100.0,0.0,9,100.0,74.6933,0.7265,9,73.94,25.3067,0.7265,9,26.06,8.4444,0.5189,9,8.01,16.8657,0.8302,9,18.04,12.1422,0.3558,9,12.4,2.1157,0.1334,9,1.99,0.0,0.0,9,0.0,2.5971,0.7116,9,3.65,0.6387,0.1927,9,0.84,0.4374,0.2076,9,0.29,2.8914,0.682,9,4.2,0.6187,0.1927,9,0.93,2.2786,0.6375,9,3.27,0.8725,0.0741,9,0.98,0.625,0.0741,9,0.75,0.4799,0.0445,9,0.63,-0.025,0.0148,9,0.0,-0.0586,0.0297,9,-0.01,0.5156,0.0593,9,0.46,0.8533,0.0593,9,0.91,2.2379,0.5782,9,4.11,5.9001,2.3721,9,12.49,0.2099,0.0741,9,0.23,2.2529,0.0593,9,2.26,3.6533,0.2817,9,3.8,5.8822,0.5041,9,5.58,15.6711,1.4826,9,17.48,23.4078,2.4166,9,20.88,9.6056,2.1053,9,7.96,57.6189,5.53,9,51.12,4.5715,0.5337,9,4.75,0.0589,0.0297,9,0.08,0.1078,0.0445,9,0.14,0.1013,0.0148,9,0.12,0.05,0.0,9,0.05,229.6217,6.0193,9,259.55,5.3091,1.7939,9,8.49,27.9986,1.2157,9,32.19
Comercio al por menor no especializado / supermercados (47.1),pequeñas,43.5078,2.5056,9,45.41,56.4922,2.5056,9,54.59,21.8424,1.4678,9,19.6,11.6886,0.1927,9,11.49,22.7648,2.0163,9,23.5,45.2502,0.7413,9,54.37,16.0076,2.6835,9,12.2,9.93,1.0378,9,7.32,5.4041,0.4596,9,4.88,37.0557,1.5122,9,33.43,21.0643,1.1564,9,18.45,4.5054,0.2817,9,4.15,11.4578,0.5189,9,10.84,99.225,0.0445,9,99.33,0.775,0.0445,9,0.67,100.0,0.0,9,100.0,75.22,0.8895,9,73.95,24.78,0.8895,9,26.05,8.2729,0.4299,9,8.37,16.4634,0.6375,9,17.67,12.5427,0.3262,9,12.97,1.1233,0.1186,9,0.99,0.0,0.0,9,0.0,2.7539,0.3558,9,3.71,0.2924,0.1483,9,1.07,0.32,0.0593,9,0.34,2.7231,0.4003,9,4.44,0.592,0.0445,9,0.85,2.1331,0.341,9,3.59,1.5242,0.0593,9,1.63,0.9389,0.089,9,1.05,0.62,0.0593,9,0.7,0.09,0.0148,9,0.1,0.195,0.0148,9,0.21,0.5417,0.0148,9,0.46,0.6989,0.0297,9,0.73,0.4628,0.0593,9,0.87,9.0522,2.4463,9,10.92,0.0478,0.0148,9,0.06,2.1589,0.2372,9,2.18,4.9381,0.4003,9,4.81,3.9062,0.1186,9,4.0,7.7409,0.5634,9,8.24,47.2665,3.4248,9,44.3,19.533,0.6523,9,19.2,47.3778,4.7591,9,41.7,1.8113,0.1186,9,1.61,0.0611,0.0148,9,0.08,0.1022,0.0297,9,0.14,0.0712,0.0148,9,0.1,0.03,0.0,9,0.05,192.9067,18.8436,9,217.04,4.0419,0.8154,9,7.79,23.841,1.6308,9,28.16
Comercio al por mayor (46),grandes_medianas,37.4089,9.7702,9,29.64,62.5911,9.7702,9,70.36,15.4551,4.3143,9,21.25,24.9878,5.6635,9,28.88,21.1142,1.1268,9,20.22,50.6978,4.2847,9,54.97,7.8,1.0675,9,7.15,3.5076,0.8154,9,4.49,4.0155,1.4826,9,2.65,41.6458,3.6916,9,37.88,12.5378,4.2847,9,15.21,5.7111,1.9422,9,9.46,24.0697,6.5382,9,13.21,98.6409,0.4448,9,99.22,1.3591,0.4448,9,0.78,100.0,0.0,9,100.0,78.8027,2.9652,9,74.28,21.1973,2.9652,9,25.72,8.6442,0.9192,9,9.08,12.6444,3.914,9,16.65,5.1816,0.8599,9,10.02,0.8943,0.089,9,1.04,0.0,0.0,9,0.0,5.2046,0.934,9,5.59,0.6641,0.1334,9,0.83,0.4511,0.2817,9,0.73,5.3377,0.7561,9,5.68,0.8722,0.3855,9,1.23,4.3635,0.682,9,4.46,1.4679,0.1927,9,1.86,1.1256,0.2076,9,1.3,0.5137,0.0741,9,0.53,0.1182,0.0445,9,0.21,0.1849,0.0593,9,0.32,0.4928,0.0445,9,0.45,0.8443,0.0148,9,0.84,1.1235,0.6968,9,0.61,12.4614,3.7954,9,7.65,0.0744,0.0297,9,0.08,1.6358,0.1186,9,1.54,4.6592,0.9044,9,5.19,2.6722,0.5634,9,2.19,9.7748,1.5419,9,5.37,37.1219,4.8629,9,67.92,52.0934,4.1216,9,68.57,31.239,3.0245,9,48.62,0.4975,0.0297,9,0.53,0.0833,0.0148,9,0.09,0.1528,0.0445,9,0.12,0.0871,0.0148,9,0.08,0.05,0.0,9,0.05,868.5089,276.1008,9,410.02,41.6623,27.9615,9,18.27,45.4211,6.464,9,41.08
Comercio al por mayor (46),pequeñas,27.1278,6.464,9,27.67,72.8722,6.464,9,72.33,18.6861,1.1268,9,20.73,30.2027,0.934,9,29.4,22.8907,3.1431,9,22.2,53.8767,6.894,9,55.09,9.3243,1.3788,9,8.46,5.7163,0.5486,9,5.33,3.3782,1.1119,9,3.14,37.2464,3.0986,9,36.45,17.9612,1.0526,9,17.3,8.4197,1.0823,9,8.53,11.5289,1.1416,9,10.62,98.9754,0.1779,9,99.08,1.0246,0.1779,9,0.92,100.0,0.0,9,100.0,72.9789,2.0311,9,73.37,27.0211,2.0311,9,26.63,9.4577,0.4151,9,9.42,17.2142,1.1119,9,17.21,10.3456,0.9637,9,10.14,0.9683,0.0297,9,1.04,0.0,0.0,9,0.0,6.0403,1.8087,9,6.03,0.3867,0.1631,9,0.55,0.4257,0.1334,9,0.63,5.8413,1.3195,9,5.95,1.3648,0.4893,9,1.32,5.0769,1.4826,9,4.63,1.9948,0.341,9,1.98,1.4626,0.252,9,1.42,0.6255,0.1483,9,0.61,0.2185,0.0297,9,0.22,0.3589,0.1038,9,0.36,0.4622,0.0741,9,0.45,0.7986,0.0148,9,0.81,0.6883,0.2669,9,0.66,11.7436,2.3425,9,9.53,0.05,0.0148,9,0.07,1.5978,0.1483,9,1.62,6.0811,2.1201,9,5.84,2.1938,0.1038,9,2.24,6.1482,0.252,9,5.72,59.405,2.4611,9,63.77,69.4643,4.9518,9,66.34,54.6157,2.6686,9,53.2,0.588,0.0148,9,0.59,0.1012,0.0445,9,0.1,0.14,0.0445,9,0.14,0.0912,0.0297,9,0.09,0.0575,0.0148,9,0.06,359.8528,30.2743,9,349.17,16.8944,6.1824,9,16.18,37.4957,1.5419,9,35.4
Restaurantes y puestos de comidas (56.1),grandes_medianas,75.071,1.616,9,76.45,24.929,1.616,9,23.55,2.0024,0.2965,9,2.19,6.3689,1.0675,9,5.49,16.5344,1.3491,9,15.87,26.6647,9.3403,9,20.41,44.0533,9.1623,9,50.22,17.4395,3.2617,9,12.39,22.8644,20.4596,9,37.83,29.556,0.2965,9,29.37,7.2071,0.7265,9,7.16,3.4813,1.3195,9,3.51,19.086,0.2224,9,18.7,96.44,1.4678,9,97.81,3.56,1.4678,9,2.19,100.0,0.0,9,100.0,28.8633,1.705,9,29.21,71.1367,1.705,9,70.79,31.5921,0.6227,9,31.31,39.1315,2.9207,9,39.48,29.1509,1.2009,9,28.44,5.2814,0.4448,9,5.53,0.0,0.0,9,0.0,4.5392,3.4248,9,5.51,1.3836,0.593,9,2.08,3.6786,2.8614,9,4.61,2.4701,5.1742,9,2.98,1.1329,0.8451,9,1.0,1.2699,4.7443,9,1.98,0.83,0.0741,9,0.8,0.7633,0.0741,9,0.73,0.5514,0.0445,9,0.54,-0.0471,0.0148,9,-0.05,-0.05,0.0148,9,-0.06,0.7368,0.089,9,0.8,0.4014,0.0445,9,0.37,0.3601,0.2372,9,0.53,1.8231,1.7939,9,1.2,0.1665,0.1038,9,0.33,1.073,0.1186,9,1.13,1.4,0.252,9,1.48,4.3878,0.5486,9,4.79,15.0118,1.4381,9,15.03,24.4187,2.387,9,24.29,21.6133,3.3803,9,17.77,85.3443,7.0274,9,79.33,1.1438,0.1483,9,1.3,0.0543,0.0297,9,0.06,0.0668,0.089,9,0.11,0.0725,0.0593,9,0.08,0.07,0.0297,9,0.08,72.7714,8.7472,9,83.93,1.0754,3.2913,9,1.66,21.0729,1.8236,9,23.87
Restaurantes y puestos de comidas (56.1),pequeñas,57.4117,4.9963,9,58.17,42.5883,4.9963,9,41.83,3.4286,0.4596,9,3.13,6.2229,0.2817,9,5.47,33.0992,3.8547,9,33.23,52.1589,6.4196,9,57.47,20.6658,3.8547,9,17.61,13.5472,2.4907,9,11.6,7.0078,1.9422,9,6.01,25.7359,1.2157,9,24.92,7.489,1.5567,9,6.81,3.7811,0.682,9,3.85,14.7176,1.0526,9,14.26,98.8763,0.4744,9,99.0,1.1237,0.4744,9,1.0,100.0,0.0,9,100.0,36.98,1.2602,9,36.09,63.02,1.2602,9,63.91,21.2487,1.6753,9,21.35,41.8914,1.1416,9,42.56,31.156,0.3706,9,31.2,2.6595,0.2817,9,2.53,0.0,0.0,9,0.0,8.116,1.4529,9,8.83,0.2678,0.1483,9,0.46,0.5948,0.3113,9,0.67,7.771,1.4974,9,8.62,1.7614,0.4744,9,1.94,6.0074,1.1268,9,6.69,1.6117,0.1186,9,1.68,1.4851,0.1186,9,1.55,1.2451,0.089,9,1.33,0.11,0.0445,9,0.11,0.164,0.0148,9,0.17,0.4789,0.0593,9,0.43,0.5613,0.0741,9,0.59,0.8297,0.4003,9,0.88,14.6746,5.6486,9,13.17,0.05,0.0,9,0.06,1.5515,0.5041,9,1.48,2.7814,1.0082,9,2.54,3.5967,0.8747,9,3.54,16.5885,4.4922,9,17.04,22.3602,4.5219,9,21.42,15.7144,6.1082,9,13.49,49.3822,9.0586,9,46.55,1.2044,0.3706,9,1.25,0.1266,0.0445,9,0.13,0.1779,0.0593,9,0.17,0.134,0.0297,9,0.14,0.0886,0.0148,9,0.09,85.6743,8.0356,9,99.12,5.2758,1.1268,9,6.63,26.5252,2.1646,9,30.93
Hoteles y alojamientos similares (55.1),grandes_medianas,81.283,1.4974,9,82.4,18.717,1.4974,9,17.6,0.8355,0.1631,9,0.96,3.347,0.5634,9,3.29,14.7628,0.5634,9,13.35,54.9722,2.891,9,58.12,28.2889,2.6835,9,25.91,16.7786,2.2535,9,14.54,11.6278,1.8532,9,11.37,16.5921,0.8302,9,15.97,1.6581,0.0593,9,1.52,4.1084,0.6227,9,3.8,10.8159,0.6523,9,10.65,95.844,1.1861,9,97.81,4.156,1.1861,9,2.19,100.0,0.0,9,100.0,12.8457,0.8451,9,12.38,87.1543,0.8451,9,87.62,34.7835,1.9718,9,34.21,52.1937,1.9867,9,53.42,29.5793,1.1119,9,27.94,6.598,0.4003,9,5.68,0.0,0.0,9,0.0,16.5083,2.387,9,19.8,6.5784,2.6538,9,8.68,4.5456,1.6012,9,4.78,18.3022,1.3491,9,23.69,2.3035,0.2224,9,3.49,15.8087,1.6605,9,20.2,1.1143,0.0741,9,1.1,1.0539,0.0445,9,1.04,0.8725,0.0741,9,0.84,0.06,0.0297,9,0.04,0.0187,0.0148,9,0.02,0.4511,0.0297,9,0.42,0.3714,0.0148,9,0.38,0.3634,0.089,9,0.57,4.0196,1.9718,9,4.14,0.066,0.0148,9,0.1,0.3286,0.0593,9,0.4,0.4058,0.0741,9,0.49,1.694,0.2224,9,2.28,4.5983,1.5864,9,5.16,82.11,22.5204,9,70.71,40.2207,6.4492,9,29.88,141.9621,17.45,9,111.63,0.4833,0.0445,9,0.46,0.0533,0.0148,9,0.08,0.0934,0.0297,9,0.14,0.0733,0.0148,9,0.1,0.2233,0.0148,9,0.26,112.0237,13.0022,9,132.05,17.5096,4.4477,9,26.68,33.5739,2.1646,9,36.9
Hoteles y alojamientos similares (55.1),pequeñas,77.6649,2.6093,9,75.18,22.3351,2.6093,9,24.82,1.1622,0.1779,9,1.3,3.9867,1.3491,9,3.95,17.0856,2.8021,9,19.57,53.506,2.9652,9,58.62,30.6234,2.3425,9,25.52,20.6729,2.4463,9,16.52,9.9978,0.6968,9,9.0,15.5226,1.0526,9,15.86,1.9086,0.3262,9,1.9,3.8208,0.8451,9,3.3,9.8086,0.9785,9,10.66,97.0868,0.9489,9,98.12,2.9132,0.9489,9,1.88,100.0,0.0,9,100.0,17.0322,0.7413,9,15.81,82.9678,0.7413,9,84.19,31.6396,1.8384,9,31.31,51.5647,1.8384,9,52.88,30.3243,1.2898,9,28.58,6.974,0.4151,9,5.93,0.0,0.0,9,0.0,14.1534,2.6242,9,18.36,2.5998,1.4381,9,1.61,3.4529,1.2454,9,3.29,13.3088,1.8384,9,16.68,2.607,0.4596,9,3.56,10.684,1.5271,9,13.12,1.4386,0.1334,9,1.56,1.3583,0.1038,9,1.48,1.1116,0.089,9,1.23,0.1814,0.0445,9,0.17,0.0678,0.0297,9,0.09,0.465,0.0297,9,0.41,0.3388,0.0445,9,0.38,0.2957,0.1186,9,0.49,4.6922,1.364,9,5.59,0.0517,0.0148,9,0.09,0.41,0.0741,9,0.51,0.5273,0.1186,9,0.68,1.8117,0.2076,9,2.07,5.7003,1.4974,9,6.23,66.2482,17.8354,9,58.61,39.1608,8.3173,9,28.06,107.3814,18.8139,9,85.46,0.4663,0.0445,9,0.48,0.06,0.0148,9,0.09,0.0813,0.0297,9,0.12,0.0717,0.0148,9,0.1,0.1771,0.0297,9,0.19,100.0857,13.8325,9,120.84,10.79,2.5352,9,15.86,30.292,2.3425,9,34.54
Construcción de edificios (41.2),grandes_medianas,35.9237,3.1282,9,32.58,64.0763,3.1282,9,67.42,12.4341,1.1861,9,19.07,23.6811,2.4166,9,24.87,24.6044,4.0623,9,23.47,29.3953,3.1727,9,52.31,17.2029,3.1875,9,12.5,9.7971,1.4529,9,8.37,7.5556,2.9652,9,4.13,50.0931,5.6783,9,35.2,15.4363,0.6227,9,14.29,4.1505,0.9044,9,4.68,27.8556,10.5411,9,16.23,97.7922,1.4826,9,99.15,2.2078,1.4826,9,0.85,100.0,0.0,9,100.0,67.0422,5.7079,9,61.94,32.9578,5.7079,9,38.06,10.3343,2.0163,9,8.86,22.5478,6.0044,9,29.2,16.3615,2.5649,9,20.49,1.0822,0.3558,9,1.07,0.0,0.0,9,0.0,4.4224,1.2898,9,7.63,1.9006,0.3706,9,0.62,2.5189,0.5782,9,0.9,4.1251,2.209,9,7.35,1.104,0.4448,9,1.61,3.05,2.5056,9,5.74,1.3724,0.3706,9,1.92,1.0456,0.341,9,1.37,0.5313,0.1038,9,0.67,0.1652,0.1186,9,0.27,0.15,0.1927,9,0.32,0.706,0.0297,9,0.48,0.7312,0.0445,9,0.74,0.2313,0.1483,9,0.62,1.5124,0.4448,9,8.46,0.1133,0.0445,9,0.08,0.6914,0.1186,9,1.18,2.1262,0.8599,9,3.62,1.1058,0.1186,9,1.75,3.5614,0.4448,9,3.84,103.062,11.8903,9,95.16,130.3899,13.2987,9,76.86,131.5289,14.2921,9,71.31,0.6786,0.0445,9,0.57,0.02,0.0,9,0.09,0.0675,0.0445,9,0.13,0.0283,0.0148,9,0.08,0.0411,0.0297,9,0.07,312.1805,57.7465,9,196.42,8.1135,2.7872,9,11.28,50.2773,1.1564,9,40.25
Construcción de edificios (41.2),pequeñas,34.0656,3.6768,9,32.65,65.9344,3.6768,9,67.35,21.62,1.8829,9,18.02,24.3798,1.1119,9,25.49,20.75,2.4314,9,23.84,47.8133,4.0326,9,52.28,16.6843,2.1053,9,12.19,11.3143,2.1201,9,8.19,5.3333,1.0378,9,4.0,35.1014,1.8829,9,35.52,13.8994,1.3343,9,14.31,5.192,1.0526,9,4.51,16.1039,0.8747,9,16.71,98.942,0.4893,9,99.11,1.058,0.4893,9,0.89,100.0,0.0,9,100.0,62.4522,0.8747,9,61.18,37.5478,0.8747,9,38.82,8.3222,0.7561,9,8.99,29.3658,0.3855,9,29.83,22.187,0.9044,9,21.0,1.0849,0.089,9,1.06,0.0,0.0,9,0.0,5.5753,0.4299,9,7.77,0.5749,0.1483,9,0.53,1.0249,0.1038,9,0.87,5.6306,1.2602,9,7.43,1.1282,0.0741,9,1.64,4.4367,1.0526,9,5.79,1.89,0.0741,9,1.9,1.2701,0.1038,9,1.39,0.5971,0.0445,9,0.67,0.3187,0.0741,9,0.27,0.31,0.0148,9,0.32,0.5171,0.0297,9,0.48,0.6763,0.0593,9,0.74,0.3213,0.1334,9,0.65,5.6143,1.0378,9,8.88,0.0586,0.0148,9,0.08,1.0002,0.1631,9,1.2,2.9504,0.7413,9,3.67,1.5118,0.1927,9,1.78,2.9171,0.8451,9,4.07,127.2591,29.5478,9,89.64,89.571,10.4522,9,77.59,81.5346,4.6108,9,71.18,0.5833,0.0297,9,0.56,0.0567,0.0148,9,0.09,0.0944,0.0445,9,0.13,0.0567,0.0297,9,0.08,0.05,0.0,9,0.07,154.0311,15.315,9,190.61,6.9062,2.0311,9,11.04,34.2288,2.3277,9,40.02
Instalaciones eléctricas y de fontanería en obras (43.2),grandes_medianas,27.0279,3.3358,9,25.13,72.9721,3.3358,9,74.87,5.3566,0.8599,9,9.65,35.9714,3.2617,9,39.85,30.2001,4.7294,9,25.37,32.422,5.6783,9,46.84,12.99,2.5352,9,11.0,6.6984,1.8384,9,8.5,6.5844,5.4707,9,2.49,52.7112,7.4426,9,42.17,20.4379,1.6012,9,19.17,7.4261,1.2009,9,6.21,25.6036,3.4841,9,16.79,98.6256,1.0823,9,99.43,1.3744,1.0823,9,0.57,100.0,0.0,9,100.0,55.4758,3.3655,9,51.18,44.5242,3.3655,9,48.82,11.0516,1.7198,9,10.1,32.9814,2.4907,9,38.72,26.7011,3.3506,9,29.2,1.1216,0.1186,9,1.05,0.0249,0.0297,9,0.0,5.7304,1.7791,9,8.47,4.323,3.9288,9,0.5,2.6801,2.387,9,0.83,7.4043,1.3047,9,8.15,1.4357,0.4744,9,1.78,6.1967,1.5567,9,6.37,1.3238,0.1038,9,1.78,1.2179,0.0741,9,1.55,0.5763,0.0297,9,0.6,0.1913,0.0445,9,0.23,0.1719,0.0445,9,0.33,0.6751,0.0593,9,0.53,0.8014,0.0148,9,0.79,0.5022,0.2224,9,0.71,2.5921,1.4678,9,10.24,0.1299,0.0445,9,0.08,0.9862,0.252,9,1.41,3.2271,0.5634,9,5.62,1.3653,0.341,9,1.89,8.93,2.3277,9,7.49,42.31,11.5048,9,48.71,137.6154,20.6079,9,102.96,142.1478,47.9763,9,96.76,0.5711,0.1038,9,0.48,0.0571,0.0297,9,0.12,0.1744,0.0593,9,0.19,0.07,0.0148,9,0.1,0.07,0.0,9,0.07,160.9711,29.6368,9,141.55,9.4514,2.55,9,9.01,42.7725,2.4611,9,41.33
Instalaciones eléctricas y de fontanería en obras (43.2),pequeñas,25.2356,3.1134,9,25.7,74.7644,3.1134,9,74.3,10.4837,0.7709,9,9.64,38.7912,1.7346,9,39.9,25.6629,2.6686,9,24.77,46.2971,0.7116,9,46.95,10.8975,1.2157,9,11.59,7.9911,3.1134,9,8.76,2.8415,0.2817,9,2.83,42.9804,1.0526,9,41.46,18.454,0.9192,9,19.0,6.6486,0.7265,9,6.07,17.2681,1.3195,9,16.39,99.3401,0.1186,9,99.37,0.6599,0.1186,9,0.63,100.0,0.0,9,100.0,51.6214,1.4974,9,51.43,48.3786,1.4974,9,48.57,10.0591,0.4596,9,10.19,38.0411,0.8154,9,38.38,30.0967,1.5567,9,29.02,1.1656,0.2224,9,1.01,0.0,0.0,9,0.0,6.8485,1.3343,9,8.35,0.3997,0.2076,9,0.46,0.6987,0.1186,9,0.83,6.4756,1.2157,9,7.98,1.4122,0.2965,9,1.75,5.5797,1.5122,9,6.24,1.7567,0.1186,9,1.79,1.5156,0.1334,9,1.56,0.595,0.0593,9,0.6,0.25,0.0148,9,0.23,0.32,0.0297,9,0.33,0.5367,0.0148,9,0.53,0.795,0.0297,9,0.78,0.5199,0.089,9,0.69,9.2865,1.9718,9,10.12,0.0625,0.0148,9,0.08,1.2429,0.1334,9,1.41,4.9878,1.1268,9,5.47,1.6533,0.1038,9,1.89,6.2244,0.9489,9,7.5,59.4605,9.0586,9,48.67,114.2867,10.0519,9,103.65,105.005,5.0704,9,95.94,0.4767,0.0148,9,0.48,0.09,0.0297,9,0.12,0.14,0.0445,9,0.19,0.0786,0.0148,9,0.1,0.0612,0.0148,9,0.07,122.8742,8.6583,9,142.93,6.5188,2.3721,9,8.91,36.8225,1.3047,9,41.47
Educación (85),grandes_medianas,57.9611,4.7146,9,61.77,42.0389,4.7146,9,38.23,0.4244,0.1334,9,0.55,13.69,3.7213,9,17.16,25.2692,3.0096,9,20.52,47.6289,15.0334,9,46.84,17.3867,8.1097,9,14.02,10.1488,2.891,9,6.66,5.8497,1.5271,9,7.36,35.73,3.7806,9,39.14,1.4038,0.089,9,1.43,2.8441,0.7116,9,3.46,31.3129,3.7954,9,34.26,96.5248,0.9489,9,95.84,3.4752,0.9489,9,4.16,100.0,0.0,9,100.0,9.8248,0.3855,9,9.57,90.1752,0.3855,9,90.43,30.0622,1.6457,9,31.18,60.1284,1.1268,9,59.25,42.08,0.593,9,41.05,3.6522,0.5041,9,3.93,0.0,0.0,9,-0.01,14.1714,1.6457,9,14.26,1.7247,0.4299,9,1.99,1.7036,0.2372,9,1.5,14.2741,1.0526,9,14.75,3.126,0.4893,9,3.26,11.1569,0.341,9,11.5,1.0898,0.1038,9,0.98,1.0781,0.1038,9,0.96,0.6619,0.0741,9,0.52,0.0416,0.0445,9,-0.01,0.0266,0.0297,9,-0.01,0.5244,0.1483,9,0.53,0.6811,0.1186,9,0.74,0.8889,0.4299,9,1.24,8.1763,1.8829,9,9.54,0.1137,0.0593,9,0.12,0.7858,0.0445,9,0.81,1.3919,0.089,9,1.31,1.9204,0.252,9,2.12,18.8154,4.1067,9,14.09,19.731,3.573,9,25.9,63.5836,7.7687,9,77.22,66.663,3.1134,9,67.12,0.1012,0.0297,9,0.08,0.1111,0.0148,9,0.12,0.1825,0.0445,9,0.2,0.1125,0.0148,9,0.13,0.1456,0.0148,9,0.15,82.46,3.7213,9,93.9,9.2186,1.0971,9,10.8,35.1313,2.4463,9,38.55
Educación (85),pequeñas,57.3462,2.6093,9,57.56,42.6538,2.6093,9,42.44,0.7778,0.1334,9,0.65,11.7436,0.6968,9,14.75,29.7444,2.8169,9,27.03,54.1494,1.5864,9,57.35,17.562,2.0311,9,13.77,10.557,1.9274,9,6.45,6.9289,0.6672,9,7.32,28.38,0.6672,9,28.88,2.2483,0.1631,9,2.27,3.2464,0.2817,9,2.62,23.003,0.5634,9,24.0,85.6844,1.957,9,87.84,14.3156,1.957,9,12.16,100.0,0.0,9,100.0,14.3419,0.4448,9,14.32,85.6581,0.4448,9,85.68,25.3689,0.8599,9,26.16,60.3429,1.1861,9,59.51,50.308,1.4233,9,48.68,2.7312,0.1631,9,2.66,0.0,0.0,9,0.0,7.3922,1.2009,9,8.18,1.6087,0.8154,9,4.84,1.0071,0.4151,9,1.17,8.7167,2.8762,9,11.85,1.7464,0.2817,9,1.86,6.9163,2.387,9,9.99,1.5,0.0593,9,1.47,1.476,0.0445,9,1.45,1.0489,0.1038,9,0.94,0.1657,0.0297,9,0.16,0.1433,0.0148,9,0.14,0.46,0.0148,9,0.43,0.6187,0.0445,9,0.68,0.6069,0.2224,9,1.18,6.7787,1.9718,9,6.99,0.056,0.0148,9,0.11,0.86,0.0297,9,0.85,1.4871,0.0445,9,1.47,1.9878,0.1038,9,1.99,15.6186,1.9867,9,18.52,23.4598,2.7279,9,19.71,50.9457,2.9652,9,63.67,66.8769,6.3899,9,68.31,0.1812,0.0297,9,0.15,0.0622,0.0148,9,0.07,0.11,0.0445,9,0.15,0.0833,0.0297,9,0.11,0.0967,0.0297,9,0.13,62.4062,5.1149,9,70.69,4.3904,1.7494,9,7.06,31.509,2.0608,9,34.41
Actividades hospitalarias (86.1),grandes_medianas,55.4029,1.705,9,58.9,44.5971,1.705,9,41.1,1.6913,0.1186,9,1.77,21.4344,2.5649,9,19.97,21.5567,1.7643,9,19.35,51.3658,5.4114,9,57.7,20.2822,2.3721,9,18.96,7.9026,0.8747,9,7.59,11.9545,0.9637,9,11.37,28.6433,5.8117,9,23.34,7.5378,1.0971,9,6.1,2.7848,0.4744,9,2.41,18.5527,1.364,9,14.82,98.1954,0.3113,9,99.0,1.8046,0.3113,9,1.0,100.0,0.0,9,100.0,41.8531,0.4003,9,42.2,58.1469,0.4003,9,57.8,11.7856,0.9044,9,12.01,46.0064,0.3558,9,45.79,35.4367,1.2009,9,34.95,4.0702,0.4151,9,4.24,0.0,0.0,9,0.0,6.58,0.6375,9,6.6,1.0768,0.3262,9,1.53,1.5931,0.3558,9,2.17,5.9877,0.9785,9,5.96,1.4827,0.4003,9,1.52,4.5114,0.4299,9,4.44,1.592,0.1631,9,1.76,1.537,0.1483,9,1.69,0.76,0.0741,9,0.83,0.21,0.1038,9,0.2,0.1734,0.0148,9,0.18,0.4799,0.0445,9,0.42,0.5637,0.0445,9,0.55,0.5922,0.3113,9,0.78,4.2772,1.1861,9,3.04,0.0966,0.0297,9,0.19,0.8017,0.0593,9,0.89,1.4487,0.0741,9,1.52,1.8001,0.1483,9,2.17,20.0582,1.4826,9,21.3,18.2407,1.1861,9,17.13,100.0323,20.3855,9,81.58,87.2622,21.2009,9,59.08,0.328,0.0297,9,0.31,0.05,0.0,9,0.06,0.0813,0.0297,9,0.07,0.07,0.0148,9,0.08,0.09,0.0148,9,0.09,110.7843,9.5033,9,130.47,5.3322,1.6457,9,5.79,38.8686,2.387,9,45.6
Actividades hospitalarias (86.1),pequeñas,71.5257,1.8236,9,68.77,28.4743,1.8236,9,31.23,1.0689,0.341,9,0.95,9.4608,1.1416,9,10.12,17.859,1.5567,9,20.15,51.0758,3.4544,9,47.5,25.7667,7.2795,9,34.05,12.8928,3.8102,9,9.04,11.2475,9.9036,9,25.01,22.9796,5.3521,9,18.45,3.35,1.1416,9,3.52,3.5048,0.7858,9,2.79,14.7961,3.4544,9,12.14,85.0042,9.5923,9,88.33,14.9958,9.5923,9,11.67,100.0,0.0,9,100.0,30.9856,2.98,9,32.27,69.0144,2.98,9,67.73,19.3123,1.4381,9,20.39,48.7361,1.9274,9,47.33,38.8854,1.6012,9,37.95,3.7502,0.2076,9,3.87,0.0,0.0,9,0.0,5.0871,2.0163,9,5.51,0.8456,0.3262,9,0.98,1.8371,0.8006,9,3.22,3.9441,1.7198,9,3.27,1.0611,0.4744,9,0.79,3.0065,2.046,9,2.48,1.2689,0.3262,9,1.69,1.2186,0.2817,9,1.64,0.8056,0.2224,9,1.09,0.0889,0.1334,9,0.21,0.0522,0.0741,9,0.13,0.49,0.0297,9,0.52,0.4749,0.1334,9,0.35,0.2512,0.1483,9,0.32,2.5799,0.8599,9,1.71,0.0557,0.0297,9,0.16,0.58,0.0148,9,0.6,0.8087,0.0593,9,0.87,2.0586,0.1334,9,1.91,16.3236,1.5271,9,20.19,22.2978,2.3721,9,18.08,60.1468,4.7294,9,62.1,67.08,8.9251,9,66.85,0.3583,0.0445,9,0.35,0.0293,0.0104,9,0.033,0.0336,0.0193,9,0.031,0.0397,0.0148,9,0.038,0.0674,0.0148,9,0.063,86.9378,15.0037,9,101.91,2.6274,1.1564,9,2.53,36.4511,3.9437,9,38.68
Actividades inmobiliarias (68),grandes_medianas,75.7456,5.4855,9,80.32,24.2544,5.4855,9,19.68,13.7856,5.278,9,8.53,1.9126,0.3855,9,1.79,8.528,1.0378,9,9.36,55.8441,3.5878,9,60.23,29.6654,3.3358,9,25.84,15.8133,2.7872,9,13.21,13.7659,1.8384,9,12.62,13.3272,3.7064,9,13.93,0.7557,0.1334,9,0.79,2.0878,0.6968,9,2.95,10.0643,3.7509,9,10.2,95.6848,0.2817,9,95.4,4.3152,0.2817,9,4.6,100.0,0.0,9,100.0,30.9549,6.9681,9,21.37,69.0451,6.9681,9,78.63,31.1617,6.0341,9,36.06,35.681,6.9385,9,42.57,8.3754,0.9044,9,9.78,11.4993,0.9933,9,10.71,-0.002,0.0148,9,-0.01,17.2271,4.9815,9,22.07,3.7596,1.6753,9,5.19,10.5231,3.6768,9,13.14,12.0932,2.2832,9,14.11,1.2975,2.4759,9,2.06,10.7266,4.9222,9,12.05,1.8033,0.7858,9,1.41,0.8052,0.2372,9,0.8,0.6601,0.2372,9,0.67,0.7672,0.6227,9,0.45,0.0879,0.0741,9,0.06,0.44,0.0297,9,0.4,0.3128,0.089,9,0.35,0.135,0.0741,9,0.18,1.74,0.9637,9,1.68,0.06,0.0,9,0.1,0.115,0.0148,9,0.13,0.1537,0.0148,9,0.16,0.4987,0.1631,9,0.65,0.2729,0.0741,9,0.32,1366.8215,312.7205,9,1142.31,54.0454,6.4492,9,51.28,74.1744,39.8221,9,105.29,0.4057,0.089,9,0.44,0.0201,0.0148,9,0.03,0.0214,0.0148,9,0.03,0.0244,0.0148,9,0.03,0.214,0.0297,9,0.23,785.4905,80.934,9,714.85,83.494,29.6664,9,86.17,65.697,1.9274,9,69.9
Actividades inmobiliarias (68),pequeñas,81.6085,1.1564,9,82.72,18.3915,1.1564,9,17.28,5.2909,1.1268,9,3.69,1.8,0.252,9,1.63,11.4011,2.1053,9,11.96,60.2349,2.4018,9,63.56,30.1678,3.7806,9,26.84,16.05,2.5649,9,13.75,14.117,1.0082,9,13.09,9.7468,0.252,9,9.6,0.5444,0.1038,9,0.48,3.08,0.2965,9,2.81,6.09,0.3558,9,6.31,95.309,0.6227,9,96.72,4.691,0.6227,9,3.28,100.0,0.0,9,100.0,18.6267,2.2535,9,18.11,81.3733,2.2535,9,81.89,25.4203,4.3143,9,20.95,56.1003,2.9207,9,60.94,10.7435,0.4448,9,10.47,14.1564,0.682,9,13.26,0.0,0.0,9,0.0,30.5878,4.4033,9,37.21,10.72,2.4907,9,9.99,11.0778,4.1364,9,15.07,30.8456,8.8955,9,32.13,5.7256,1.1564,9,6.56,25.591,7.917,9,25.57,1.8858,0.1038,9,1.8,1.3678,0.2965,9,1.42,1.1822,0.2224,9,1.25,0.8762,0.1779,9,0.7,0.09,0.0148,9,0.08,0.3987,0.0297,9,0.36,0.2444,0.0297,9,0.26,0.2111,0.0593,9,0.26,2.9061,0.9489,9,2.47,0.06,0.0148,9,0.1,0.1,0.0,9,0.11,0.1233,0.0148,9,0.13,0.5489,0.0741,9,0.64,0.3733,0.1334,9,0.54,1017.1091,276.8421,9,674.82,65.1722,12.6464,9,54.12,105.06,19.9407,9,87.66,0.3014,0.0297,9,0.29,0.03,0.0,9,0.041,0.0413,0.0148,9,0.044,0.0406,0.0148,9,0.043,0.393,0.0771,9,0.388,426.1616,54.8851,9,513.93,107.0889,34.3958,9,131.42,47.1013,1.9718,9,53.83
