sector,segmento,balance.activo_no_corriente.huber_9y,balance.activo_no_corriente.n_años,balance.activo_no_corriente.dato_2024,balance.activo_corriente.huber_9y,balance.activo_corriente.n_años,balance.activo_corriente.dato_2024,balance.existencias_pct.huber_9y,balance.existencias_pct.n_años,balance.existencias_pct.dato_2024,balance.realizable_pct.huber_9y,balance.realizable_pct.n_años,balance.realizable_pct.dato_2024,balance.disponible_pct.huber_9y,balance.disponible_pct.n_años,balance.disponible_pct.dato_2024,balance.patrimonio_neto_pct.huber_9y,balance.patrimonio_neto_pct.n_años,balance.patrimonio_neto_pct.dato_2024,balance.pasivo_no_corriente_pct.huber_9y,balance.pasivo_no_corriente_pct.n_años,balance.pasivo_no_corriente_pct.dato_2024,balance.deudas_fin_largo_pct.huber_9y,balance.deudas_fin_largo_pct.n_años,balance.deudas_fin_largo_pct.dato_2024,balance.otras_deudas_largo_pct.huber_9y,balance.otras_deudas_largo_pct.n_años,balance.otras_deudas_largo_pct.dato_2024,balance.pasivo_corriente_pct.huber_9y,balance.pasivo_corriente_pct.n_años,balance.pasivo_corriente_pct.dato_2024,balance.acreedores_comerciales_pct.huber_9y,balance.acreedores_comerciales_pct.n_años,balance.acreedores_comerciales_pct.dato_2024,balance.deudas_fin_corto_pct.huber_9y,balance.deudas_fin_corto_pct.n_años,balance.deudas_fin_corto_pct.dato_2024,balance.otras_deudas_corto_pct.huber_9y,balance.otras_deudas_corto_pct.n_años,balance.otras_deudas_corto_pct.dato_2024,pyg.cifra_negocios_pct.huber_9y,pyg.cifra_negocios_pct.n_años,pyg.cifra_negocios_pct.dato_2024,pyg.otros_ingresos_explot_pct.huber_9y,pyg.otros_ingresos_explot_pct.n_años,pyg.otros_ingresos_explot_pct.dato_2024,pyg.ingresos_explotacion_pct.huber_9y,pyg.ingresos_explotacion_pct.n_años,pyg.ingresos_explotacion_pct.dato_2024,pyg.consumos_explotacion_pct.huber_9y,pyg.consumos_explotacion_pct.n_años,pyg.consumos_explotacion_pct.dato_2024,pyg.margen_bruto_pct.huber_9y,pyg.margen_bruto_pct.n_años,pyg.margen_bruto_pct.dato_2024,pyg.otros_gastos_explot_pct.huber_9y,pyg.otros_gastos_explot_pct.n_años,pyg.otros_gastos_explot_pct.dato_2024,pyg.valor_añadido_pct.huber_9y,pyg.valor_añadido_pct.n_años,pyg.valor_añadido_pct.dato_2024,pyg.gastos_personal_pct.huber_9y,pyg.gastos_personal_pct.n_años,pyg.gastos_personal_pct.dato_2024,pyg.amortizaciones_pct.huber_9y,pyg.amortizaciones_pct.n_años,pyg.amortizaciones_pct.dato_2024,pyg.resultado_extraordinario_pct.huber_9y,pyg.resultado_extraordinario_pct.n_años,pyg.resultado_extraordinario_pct.dato_2024,pyg.baii_pct.huber_9y,pyg.baii_pct.n_años,pyg.baii_pct.dato_2024,pyg.ingresos_financieros_pct.huber_9y,pyg.ingresos_financieros_pct.n_años,pyg.ingresos_financieros_pct.dato_2024,pyg.gastos_financieros_pct.huber_9y,pyg.gastos_financieros_pct.n_años,pyg.gastos_financieros_pct.dato_2024,pyg.bai_pct.huber_9y,pyg.bai_pct.n_años,pyg.bai_pct.dato_2024,pyg.impuesto_beneficios_pct.huber_9y,pyg.impuesto_beneficios_pct.n_años,pyg.impuesto_beneficios_pct.dato_2024,pyg.resultado_ejercicio_pct.huber_9y,pyg.resultado_ejercicio_pct.n_años,pyg.resultado_ejercicio_pct.dato_2024,ratios.liquidez.huber_9y,ratios.liquidez.n_años,ratios.liquidez.dato_2024,ratios.tesoreria.huber_9y,ratios.tesoreria.n_años,ratios.tesoreria.dato_2024,ratios.disponibilidad_ratio.huber_9y,ratios.disponibilidad_ratio.n_años,ratios.disponibilidad_ratio.dato_2024,ratios.fm_ventas.huber_9y,ratios.fm_ventas.n_años,ratios.fm_ventas.dato_2024,ratios.fm_activo.huber_9y,ratios.fm_activo.n_años,ratios.fm_activo.dato_2024,ratios.endeudamiento.huber_9y,ratios.endeudamiento.n_años,ratios.endeudamiento.dato_2024,ratios.calidad_deuda.huber_9y,ratios.calidad_deuda.n_años,ratios.calidad_deuda.dato_2024,ratios.capacidad_devolucion.huber_9y,ratios.capacidad_devolucion.n_años,ratios.capacidad_devolucion.dato_2024,ratios.cobertura_gastos_fin.huber_9y,ratios.cobertura_gastos_fin.n_años,ratios.cobertura_gastos_fin.dato_2024,ratios.coste_deuda.huber_9y,ratios.coste_deuda.n_años,ratios.coste_deuda.dato_2024,ratios.rotacion_activo.huber_9y,ratios.rotacion_activo.n_años,ratios.rotacion_activo.dato_2024,ratios.rotacion_activo_no_corriente.huber_9y,ratios.rotacion_activo_no_corriente.n_años,ratios.rotacion_activo_no_corriente.dato_2024,ratios.rotacion_activo_corriente.huber_9y,ratios.rotacion_activo_corriente.n_años,ratios.rotacion_activo_corriente.dato_2024,ratios.rotacion_existencias.huber_9y,ratios.rotacion_existencias.n_años,ratios.rotacion_existencias.dato_2024,ratios.plazo_existencias.huber_9y,ratios.plazo_existencias.n_años,ratios.plazo_existencias.dato_2024,ratios.cobro_dias.huber_9y,ratios.cobro_dias.n_años,ratios.cobro_dias.dato_2024,ratios.pago_dias.huber_9y,ratios.pago_dias.n_años,ratios.pago_dias.dato_2024,ratios.financiacion_clientes.huber_9y,ratios.financiacion_clientes.n_años,ratios.financiacion_clientes.dato_2024,ratios.roi.huber_9y,ratios.roi.n_años,ratios.roi.dato_2024,ratios.roe.huber_9y,ratios.roe.n_años,ratios.roe.dato_2024,ratios.flujo_caja_activo.huber_9y,ratios.flujo_caja_activo.n_años,ratios.flujo_caja_activo.dato_2024,ratios.flujo_caja_ventas.huber_9y,ratios.flujo_caja_ventas.n_años,ratios.flujo_caja_ventas.dato_2024,ratios.ventas_empleado.huber_9y,ratios.ventas_empleado.n_años,ratios.ventas_empleado.dato_2024,ratios.beneficio_empleado.huber_9y,ratios.beneficio_empleado.n_años,ratios.beneficio_empleado.dato_2024,ratios.gastos_personal_empleado.huber_9y,ratios.gastos_personal_empleado.n_años,ratios.gastos_personal_empleado.dato_2024
Productos básicos hierro/acero (24.1),grandes_medianas,51.3244,9,47.18,48.6756,9,52.82,24.92,9,31.67,15.031,9,16.72,8.0533,9,4.43,41.4179,9,43.82,23.6767,9,16.5,8.4818,9,1.16,15.7229,9,15.34,35.04,9,39.68,10.9167,9,12.39,4.3932,9,1.1,20.0756,9,26.19,96.4072,9,94.42,3.5928,9,5.58,100.0,9,100.0,62.308,9,64.06,37.692,9,35.94,21.9945,9,23.49,15.7772,9,12.44,9.5026,9,9.1,2.21,9,2.38,0.0,9,0.0,4.1975,9,0.96,0.9265,9,1.75,1.4234,9,1.52,3.7562,9,1.2,0.4939,9,0.25,3.2077,9,0.95,1.4086,9,1.33,0.6799,9,0.53,0.2437,9,0.11,0.12,9,0.1,0.1414,9,0.13,0.5828,9,0.56,0.6011,9,0.71,0.4338,9,2.03,3.1477,9,0.64,0.1315,9,0.92,1.0836,9,1.38,1.9913,9,2.91,2.2514,9,2.6,2.7589,9,2.78,132.7183,9,131.23,51.3867,9,44.37,60.2544,9,51.32,0.7225,9,0.74,0.05,9,0.01,0.0822,9,0.03,0.06,9,0.05,0.052,9,0.03,651.0629,9,744.49,22.0911,9,7.08,61.1711,9,67.75
Productos básicos hierro/acero (24.1),pequeñas,42.5725,9,42.34,57.4275,9,57.66,10.7983,9,10.5,22.0663,9,21.03,23.2929,9,26.13,49.0357,9,48.03,20.3941,9,26.07,8.7357,9,7.16,10.4201,9,18.91,29.9007,9,25.9,9.0778,9,8.15,4.9967,9,5.26,15.0953,9,12.5,99.0819,9,99.19,0.9181,9,0.81,100.0,9,100.0,46.3772,9,43.22,53.6228,9,56.78,12.2743,9,13.31,41.3412,9,43.47,33.5669,9,33.58,3.2199,9,3.42,0.0,9,0.0,5.5423,9,6.46,0.8171,9,1.21,1.1556,9,1.4,5.1696,9,6.26,0.8216,9,1.5,4.5773,9,4.76,1.8543,9,2.23,1.4359,9,1.82,0.8178,9,1.01,0.3487,9,0.41,0.2556,9,0.32,0.5117,9,0.52,0.5961,9,0.5,0.4384,9,0.51,4.3089,9,4.6,0.07,9,0.09,0.7942,9,0.77,1.7676,9,1.82,1.3874,9,1.33,3.1799,9,3.16,114.7207,9,115.4,100.4299,9,99.84,93.462,9,89.48,0.4357,9,0.39,0.04,9,0.05,0.075,9,0.08,0.0589,9,0.06,0.0767,9,0.08,115.3547,9,128.8,5.455,9,6.13,37.8989,9,43.26
Fabricación de vehículos de motor (29),grandes_medianas,51.9821,9,43.28,48.0179,9,56.72,10.7749,9,16.6,20.0041,9,16.83,16.0519,9,23.28,36.3193,9,58.15,11.2116,9,14.15,1.839,9,5.62,8.88,9,8.53,52.5841,9,27.7,19.7286,9,8.5,1.7271,9,6.0,31.2896,9,13.19,98.1743,9,97.38,1.8257,9,2.62,100.0,9,100.0,76.2644,9,50.62,23.7356,9,49.38,8.7423,9,12.49,15.3356,9,36.88,10.2264,9,29.84,3.168,9,2.75,0.0,9,0.0,3.0372,9,4.29,0.5166,9,1.02,0.5957,9,1.24,3.3254,9,4.07,0.66,9,0.95,2.6025,9,3.13,0.8681,9,2.05,0.6931,9,1.45,0.3098,9,0.84,-0.04,9,0.36,-0.0651,9,0.29,0.636,9,0.42,0.83,9,0.66,2.7956,9,0.41,5.3272,9,3.45,0.1771,9,0.09,1.5543,9,0.8,2.8744,9,1.86,3.8413,9,1.42,11.8698,9,2.45,30.1799,9,148.88,44.577,9,76.4,62.2621,9,76.25,0.9885,9,0.51,0.0443,9,0.03,0.1013,9,0.04,0.0963,9,0.05,0.06,9,0.06,477.3066,9,127.84,10.0214,9,4.0,44.8504,9,38.14
Fabricación de vehículos de motor (29),pequeñas,45.2333,9,41.88,54.7667,9,58.12,15.9043,9,18.07,17.9429,9,17.9,20.8193,9,22.15,52.92,9,60.75,14.1089,9,9.84,9.181,9,5.62,4.3609,9,4.23,31.1061,9,29.41,10.0944,9,9.19,6.0489,9,6.68,15.312,9,13.53,98.4633,9,97.79,1.5367,9,2.21,100.0,9,100.0,49.8796,9,51.0,50.1204,9,49.0,11.67,9,11.98,39.1767,9,37.02,28.082,9,28.1,2.8931,9,2.73,0.0,9,0.0,7.8139,9,6.19,0.3712,9,1.05,1.0311,9,1.03,7.2034,9,6.21,0.9222,9,1.45,6.2762,9,4.76,1.7033,9,1.98,1.2049,9,1.36,0.6567,9,0.75,0.2578,9,0.32,0.2178,9,0.29,0.47,9,0.39,0.705,9,0.75,0.4987,9,0.54,8.3626,9,6.0,0.0625,9,0.07,0.8433,9,0.89,1.8673,9,2.12,1.5476,9,1.53,2.6222,9,2.51,139.7867,9,145.71,77.4586,9,73.59,88.4137,9,74.1,0.5678,9,0.51,0.0662,9,0.05,0.1,9,0.07,0.077,9,0.066,0.0942,9,0.075,117.8015,9,134.72,7.6105,9,6.41,33.7925,9,37.86
Carne y prod. cárnicos (10.1),grandes_medianas,44.9842,9,42.45,55.0158,9,57.55,24.3191,9,26.13,20.2794,9,19.6,10.7209,9,11.82,39.1457,9,39.28,18.8349,9,18.55,9.5092,9,8.67,9.3371,9,9.88,42.1322,9,42.17,16.4707,9,16.19,8.6095,9,7.03,17.0422,9,18.95,99.5011,9,99.55,0.4989,9,0.45,100.0,9,100.0,75.0178,9,76.56,24.9822,9,23.44,10.9283,9,10.14,14.0588,9,13.31,8.2909,9,8.24,2.0478,9,1.83,0.0,9,0.0,3.7253,9,3.23,0.2142,9,0.26,0.6914,9,1.41,3.149,9,2.09,0.6746,9,0.5,2.639,9,1.59,1.3056,9,1.36,0.736,9,0.75,0.2567,9,0.28,0.08,9,0.1,0.13,9,0.15,0.61,9,0.61,0.69,9,0.69,0.3601,9,0.35,5.29,9,2.29,0.0543,9,0.14,1.41,9,1.6,3.1454,9,3.77,2.5899,9,2.78,4.4911,9,4.69,81.7622,9,77.87,51.85,9,44.72,56.11,9,48.26,0.8122,9,0.83,0.05,9,0.05,0.0867,9,0.06,0.0614,9,0.05,0.05,9,0.03,421.6978,9,473.58,9.8744,9,7.51,34.6644,9,39.04
Carne y prod. cárnicos (10.1),pequeñas,36.8322,9,39.37,63.1678,9,60.63,28.3493,9,27.12,20.2211,9,19.92,14.5133,9,13.6,54.2743,9,56.72,17.0286,9,14.89,11.4243,9,7.77,5.6349,9,7.13,28.7143,9,28.39,12.3957,9,11.95,6.5334,9,6.3,9.6753,9,10.14,99.2137,9,99.14,0.7863,9,0.86,100.0,9,100.0,64.6155,9,64.04,35.3845,9,35.96,11.6411,9,12.09,23.832,9,23.86,16.8482,9,16.93,2.6311,9,2.41,0.0,9,-0.24,4.2904,9,4.28,0.1571,9,1.23,0.7527,9,1.13,3.7642,9,4.38,0.8978,9,0.87,2.9186,9,3.5,2.146,9,2.14,1.1971,9,1.18,0.4928,9,0.48,0.3657,9,0.34,0.3366,9,0.32,0.4571,9,0.43,0.6288,9,0.66,0.2857,9,0.4,5.6456,9,3.79,0.0412,9,0.08,0.93,9,0.94,2.4999,9,2.39,1.4786,9,1.55,2.1226,9,2.22,172.6851,9,164.4,79.9389,9,77.32,75.6033,9,72.43,0.61,9,0.6,0.04,9,0.04,0.05,9,0.06,0.0511,9,0.06,0.0533,9,0.06,168.5179,9,191.44,4.8571,9,6.71,28.3438,9,32.42
Productos químicos básicos (20.1),grandes_medianas,50.8966,9,47.3,49.1034,9,52.7,12.7143,9,14.07,19.5797,9,18.54,16.6017,9,20.09,52.1478,9,48.46,13.61,9,15.55,2.9078,9,2.98,10.7692,9,12.57,33.6219,9,35.99,7.4946,9,6.29,3.6808,9,3.65,22.2474,9,26.05,98.3033,9,98.43,1.6967,9,1.57,100.0,9,100.0,65.4757,9,66.0,34.5243,9,34.0,18.4943,9,19.16,16.0271,9,14.84,6.97,9,7.64,2.8516,9,2.74,0.0,9,0.0,5.8325,9,4.46,1.0468,9,0.99,0.7528,9,1.44,6.1206,9,4.02,1.3009,9,0.78,4.8814,9,3.23,1.4483,9,1.46,1.082,9,1.07,0.4925,9,0.56,0.1243,9,0.14,0.1557,9,0.17,0.48,9,0.52,0.7138,9,0.7,1.4823,9,1.04,7.2734,9,3.1,0.1366,9,0.25,1.2271,9,1.15,2.416,9,2.44,2.5167,9,2.19,6.3922,9,5.41,57.9689,9,67.49,59.2915,9,58.68,33.9909,9,30.17,0.37,9,0.34,0.0744,9,0.05,0.12,9,0.08,0.0957,9,0.07,0.075,9,0.06,920.5371,9,898.72,45.8484,9,29.05,63.6025,9,68.68
Productos químicos básicos (20.1),pequeñas,45.3467,9,49.95,54.6533,9,50.05,11.3833,9,9.36,21.77,9,17.39,21.4989,9,23.3,51.816,9,53.82,18.8211,9,18.89,11.3773,9,9.91,7.2633,9,8.98,29.4711,9,27.29,10.0381,9,8.7,6.4144,9,5.76,13.0031,9,12.84,98.604,9,97.87,1.396,9,2.13,100.0,9,100.0,50.4914,9,50.33,49.5086,9,49.67,19.9133,9,19.36,29.5343,9,30.3,19.8725,9,20.72,3.8467,9,4.62,0.0,9,0.0,6.0856,9,4.96,0.9522,9,1.4,1.0655,9,2.21,5.7929,9,4.15,1.1911,9,1.37,4.5605,9,2.77,1.8328,9,1.83,1.442,9,1.49,0.7312,9,0.85,0.3243,9,0.34,0.2572,9,0.23,0.48,9,0.46,0.61,9,0.59,0.376,9,0.31,6.279,9,2.24,0.04,9,0.09,0.7689,9,0.66,1.7211,9,1.33,1.4056,9,1.33,3.4518,9,3.57,105.9628,9,102.28,103.3533,9,95.63,95.0157,9,95.03,0.4625,9,0.5,0.05,9,0.03,0.0714,9,0.03,0.07,9,0.05,0.0825,9,0.07,188.6972,9,204.47,8.5911,9,5.67,36.6705,9,42.36
Fabricación de maquinaria y equipo (28),grandes_medianas,34.7244,9,31.8,65.2756,9,68.2,19.6853,9,21.27,26.5722,9,23.08,18.9406,9,23.86,47.7811,9,55.56,11.7568,9,10.6,5.8433,9,6.07,5.9474,9,4.53,40.3578,9,33.83,12.7816,9,10.86,4.7441,9,6.5,23.5577,9,16.48,98.5163,9,98.19,1.4837,9,1.81,100.0,9,100.0,57.036,9,50.39,42.964,9,49.61,11.4829,9,10.98,31.7443,9,38.62,21.7809,9,27.89,2.3562,9,2.45,-0.0011,9,0.0,7.3351,9,8.29,0.9427,9,0.58,0.9466,9,0.95,7.0782,9,7.92,1.3601,9,1.55,5.6832,9,6.37,1.5358,9,2.02,1.16,9,1.39,0.4459,9,0.71,0.226,9,0.36,0.216,9,0.34,0.5211,9,0.44,0.7713,9,0.76,0.7686,9,0.67,7.984,9,8.75,0.0911,9,0.07,0.9867,9,0.96,2.8664,9,3.02,1.5122,9,1.41,2.9456,9,2.28,127.8033,9,160.14,97.49,9,87.57,82.7657,9,81.77,0.4817,9,0.47,0.0713,9,0.08,0.1156,9,0.11,0.0778,9,0.08,0.0813,9,0.09,221.4214,9,173.96,12.3122,9,11.08,48.6487,9,48.51
Fabricación de maquinaria y equipo (28),pequeñas,31.1422,9,30.59,68.8578,9,69.41,19.8986,9,21.37,25.0822,9,23.38,23.7378,9,24.66,53.2656,9,55.55,12.55,9,10.84,7.8045,9,5.95,4.7697,9,4.89,33.8806,9,33.61,12.6422,9,11.15,6.4548,9,6.05,14.0529,9,16.41,98.8647,9,98.13,1.1353,9,1.87,100.0,9,100.0,51.3207,9,50.47,48.6793,9,49.53,11.3219,9,10.98,37.243,9,38.55,27.634,9,28.14,2.4971,9,2.48,0.0,9,0.0,7.0814,9,7.94,0.2712,9,0.58,0.7899,9,0.92,6.56,9,7.6,1.3738,9,1.52,5.1843,9,6.08,2.0499,9,2.07,1.4317,9,1.43,0.7025,9,0.73,0.3587,9,0.36,0.3533,9,0.36,0.4663,9,0.44,0.7317,9,0.76,0.5217,9,0.7,8.9724,9,8.65,0.0537,9,0.08,0.9783,9,0.98,3.1378,9,3.21,1.42,9,1.41,2.5156,9,2.32,145.7089,9,157.55,93.91,9,86.97,91.8731,9,82.19,0.5057,9,0.48,0.07,9,0.08,0.0956,9,0.11,0.08,9,0.08,0.0767,9,0.09,149.4929,9,171.55,7.7994,9,10.43,41.3914,9,48.28
Construcción aeronáutica y espacial (30.3),grandes_medianas,44.6489,9,56.52,55.3511,9,43.48,18.2889,9,7.43,20.1044,9,14.95,16.9567,9,21.1,28.1089,9,37.71,27.7163,9,25.08,2.9805,9,13.31,24.8452,9,11.77,38.8639,9,37.21,6.9711,9,2.6,1.811,9,3.98,28.9141,9,30.62,98.0345,9,85.44,1.9655,9,14.56,100.0,9,100.0,54.6567,9,35.97,45.3433,9,64.03,9.0315,9,6.32,33.0958,9,57.71,19.0592,9,51.87,7.1186,9,11.98,0.0,9,0.0,0.1943,9,-6.14,2.9208,9,2.41,2.4871,9,3.12,1.2092,9,-6.85,0.7384,9,1.88,1.8551,9,-8.73,1.3948,9,1.17,0.9789,9,0.97,0.4887,9,0.57,0.2711,9,0.15,0.1367,9,0.06,0.7189,9,0.62,0.5751,9,0.6,1.0881,9,0.08,-0.1267,9,-1.97,0.2182,9,0.07,0.5062,9,0.42,1.2711,9,0.73,0.9029,9,0.95,1.6885,9,2.01,224.1801,9,181.52,139.1441,9,131.44,84.7367,9,63.64,0.3243,9,0.17,0.0029,9,-0.03,0.0522,9,-0.1,0.0357,9,0.01,0.0744,9,0.03,288.3278,9,89.04,8.4986,9,-7.77,54.79,9,46.19
Construcción aeronáutica y espacial (30.3),pequeñas,51.7,9,49.54,48.3,9,50.46,9.6289,9,9.64,16.6156,9,17.23,22.0644,9,23.59,44.6485,9,45.23,25.8085,9,18.97,12.8143,9,5.29,13.4621,9,13.68,29.9278,9,35.8,4.3834,9,3.68,4.7708,9,4.26,20.489,9,27.86,96.7123,9,95.31,3.2877,9,4.69,100.0,9,100.0,32.848,9,27.35,67.152,9,72.65,12.0317,9,8.42,57.0859,9,64.23,46.1535,9,47.44,8.1187,9,7.96,0.0,9,0.0,2.9844,9,8.83,1.3501,9,3.18,2.3971,9,2.7,0.5184,9,9.32,0.4014,9,1.57,0.0626,9,7.75,1.6398,9,1.41,1.298,9,1.14,0.7437,9,0.66,0.3956,9,0.28,0.1787,9,0.15,0.555,9,0.55,0.5344,9,0.65,0.2401,9,0.86,1.4427,9,3.27,0.0675,9,0.15,0.4686,9,0.52,0.91,9,1.05,0.9686,9,1.03,1.5929,9,1.48,230.7531,9,246.45,124.1108,9,120.48,105.7887,9,93.96,0.2689,9,0.21,0.015,9,0.05,-0.0012,9,0.09,0.0375,9,0.08,0.0788,9,0.16,86.9615,9,95.51,0.045,9,7.4,39.3452,9,45.31
Locomotoras y material ferroviario (30.2),grandes_medianas,38.8722,9,28.22,61.1278,9,71.78,12.0313,9,18.51,27.1551,9,25.45,20.856,9,27.82,45.7378,9,76.55,15.1925,9,2.83,9.2333,9,1.22,5.8747,9,1.61,39.9008,9,20.63,10.6601,9,6.61,1.8693,9,4.68,28.8137,9,9.34,98.6832,9,99.6,1.3168,9,0.4,100.0,9,100.0,46.22,9,46.42,53.78,9,53.58,21.8821,9,10.75,31.2355,9,42.83,23.3804,9,27.74,2.8782,9,2.74,0.0,9,0.0,4.0636,9,12.35,1.4886,9,0.54,1.9667,9,0.43,3.2758,9,12.47,0.8597,9,2.78,2.3846,9,9.69,1.1499,9,3.48,0.9999,9,2.58,0.4259,9,1.35,0.1432,9,0.64,0.0783,9,0.51,0.5422,9,0.23,0.7399,9,0.88,0.5766,6,1.69,3.1246,6,28.74,0.094,6,0.06,0.5998,9,0.8,1.5989,9,2.85,1.0022,9,1.12,2.6238,9,2.02,143.2165,9,181.0,186.3487,9,115.5,151.9291,9,64.68,0.3971,9,0.26,0.025,9,0.1,0.036,9,0.1,0.0333,9,0.1,0.0583,9,0.12,237.5916,9,170.2,5.8365,9,16.49,55.0628,9,47.22
Locomotoras y material ferroviario (30.2),pequeñas,33.0996,9,29.59,66.9004,9,70.41,17.0685,9,18.28,24.6057,9,25.7,23.8292,9,26.43,73.3143,9,77.0,6.4378,9,3.3,2.8915,9,1.65,2.3763,9,1.65,20.5044,9,19.7,7.3656,9,6.89,3.7269,9,4.97,9.0962,9,7.85,98.9648,9,99.57,1.0352,9,0.43,100.0,9,100.0,42.4498,9,48.72,57.5502,9,51.28,14.6482,9,9.99,42.9447,9,41.28,34.6656,9,27.38,3.5335,9,3.06,0.0,9,0.0,4.4467,9,10.85,0.2439,9,0.59,0.9165,9,0.52,3.5354,9,10.93,1.0131,9,2.54,2.4775,9,8.38,3.2857,9,3.57,2.3898,9,2.65,1.1665,9,1.34,0.6612,9,0.66,0.4578,9,0.51,0.2671,9,0.23,0.7678,9,0.86,1.1775,6,1.34,6.9984,6,20.96,0.12,6,0.06,0.6856,9,0.77,2.1056,9,2.61,1.045,9,1.1,1.6799,9,2.06,217.1448,9,177.04,132.0986,9,121.28,92.0049,9,66.71,0.2987,9,0.27,0.0325,9,0.08,0.0258,9,0.08,0.0515,9,0.09,0.0743,9,0.11,117.9708,9,165.6,3.5291,9,13.88,41.1422,9,45.33
Coquerías y refino de petróleo (19),grandes_medianas,51.2608,9,44.8,48.7392,9,55.2,19.1,9,20.54,19.3423,9,19.99,11.5711,9,14.68,37.4467,9,32.91,23.1493,9,27.49,8.6044,9,7.43,14.4822,9,20.06,39.3893,9,39.61,2.2944,9,2.9,0.7692,9,0.47,35.7829,9,36.24,98.8867,9,99.45,1.1133,9,0.55,100.0,9,100.0,84.4625,9,85.92,15.5375,9,14.08,10.5203,9,9.92,5.0474,9,4.16,1.5049,9,1.51,1.6286,9,1.3,0.0,9,0.0,2.5556,9,1.35,1.5484,9,0.88,0.812,9,0.97,3.4471,9,1.26,0.4816,9,0.11,3.1826,9,1.14,1.2844,9,1.39,0.7967,9,0.88,0.29,9,0.37,0.0534,9,0.07,0.11,9,0.16,0.6271,9,0.67,0.6271,9,0.59,1.1,6,0.68,4.2417,6,1.39,0.2217,6,0.27,2.0143,9,2.21,4.0443,9,4.93,4.0071,9,4.0,9.0178,6,9.24,40.495,6,39.52,34.1583,6,33.04,4.7183,6,5.57,0.115,6,0.14,0.05,9,0.03,0.1717,9,0.08,0.1,9,0.05,0.0467,9,0.02,6363.1421,9,7554.14,194.9995,9,86.33,94.641,9,113.87
Coquerías y refino de petróleo (19),pequeñas,72.8931,9,79.81,27.1069,9,20.19,7.9343,9,8.81,3.9702,9,1.67,9.9857,9,9.71,58.7673,9,71.29,22.1351,9,22.19,17.26,9,18.09,4.0378,9,4.09,18.6279,9,6.53,5.9508,9,0.24,0.9232,9,0.92,7.6142,9,5.37,98.3087,9,94.4,1.6913,9,5.6,100.0,9,100.0,47.3101,9,47.49,52.6899,9,52.51,25.4114,9,21.81,29.4382,9,30.7,12.4117,9,12.26,2.359,9,3.21,0.0,9,0.0,12.8619,9,15.23,0.0,9,0.12,1.2771,9,2.23,11.134,9,13.12,2.29,9,2.82,9.0921,9,10.3,1.9779,9,3.09,1.3807,9,1.74,0.9337,9,1.49,0.2946,9,0.34,0.1399,9,0.14,0.4113,9,0.29,0.3964,9,0.23,0.2219,6,0.29,7.9633,6,6.82,0.0367,6,0.05,0.4867,9,0.41,0.8584,9,0.51,2.1217,9,2.01,3.0983,6,2.19,118.0724,6,166.4,26.6998,6,15.01,31.505,6,4.51,0.6363,6,0.14,0.065,9,0.06,0.0814,9,0.06,0.0583,9,0.05,0.1214,9,0.14,157.9058,9,196.46,14.8837,9,20.23,21.7296,9,24.08
Energía eléctrica prod/transporte/distr (35.1),grandes_medianas,77.8318,9,75.67,22.1682,9,24.33,1.7696,9,2.4,9.7722,9,10.4,10.2309,9,11.53,41.0433,9,43.55,38.0067,9,33.74,5.6022,9,3.59,32.4078,9,30.15,20.4582,9,22.71,2.8114,9,3.12,0.9982,9,1.52,16.95,9,18.07,98.5368,9,98.55,1.4632,9,1.45,100.0,9,100.0,66.0686,9,61.67,33.9314,9,38.33,10.7644,9,12.47,22.5478,9,25.86,2.9086,9,2.78,6.7555,9,6.35,-0.0287,9,0.0,13.0556,9,16.72,1.7686,9,1.63,3.2194,9,3.76,11.8911,9,14.59,1.7833,9,2.4,10.1089,9,12.2,1.0343,9,1.07,0.9457,9,0.97,0.4814,9,0.51,0.0133,9,0.03,0.0071,9,0.02,0.5885,9,0.56,0.36,9,0.4,1.16,9,1.7,3.8744,9,4.44,0.2299,9,0.34,0.48,9,0.47,0.6114,9,0.62,2.2586,9,1.92,17.4767,9,11.97,21.2684,9,30.48,71.8713,9,81.31,32.2056,9,39.53,0.2938,9,0.3,0.0622,9,0.08,0.1189,9,0.13,0.0787,9,0.09,0.1689,9,0.19,3065.7439,9,3326.65,314.5786,9,405.78,86.3793,9,92.48
Energía eléctrica prod/transporte/distr (35.1),pequeñas,81.77,9,84.06,18.23,9,15.94,0.834,9,0.57,5.0021,9,3.68,12.3185,9,11.69,32.1543,9,35.52,52.71,9,51.43,20.8863,9,17.24,31.1933,9,34.19,15.7227,9,13.05,1.7236,9,1.07,3.1214,9,2.7,10.0372,9,9.28,97.4853,9,97.17,2.5147,9,2.83,100.0,9,100.0,17.5198,9,18.97,82.4802,9,81.03,23.3958,9,25.76,59.34,9,55.27,6.3079,9,7.1,22.2914,9,23.34,0.0,9,0.0,30.3165,9,24.82,8.372,9,13.04,15.1496,9,20.71,26.0229,9,17.16,3.9302,9,2.85,21.7338,9,14.3,1.1681,9,1.22,1.1081,9,1.18,0.7974,9,0.9,0.1501,9,0.22,0.0233,9,0.03,0.6757,9,0.64,0.226,9,0.2,0.3378,9,0.25,2.0963,9,1.2,0.1163,9,0.14,0.1786,9,0.13,0.22,9,0.16,0.9774,9,0.84,3.887,9,4.46,96.6586,9,81.9,103.0719,9,100.56,204.6471,9,154.03,0.3388,9,0.29,0.0529,9,0.03,0.12,9,0.05,0.076,9,0.05,0.43,9,0.38,740.0861,9,843.51,160.3571,9,120.66,46.4294,9,59.92
"Reparación de prod. metálicos, maquinaria (33.1)",grandes_medianas,27.0787,9,26.61,72.9213,9,73.39,12.7729,9,12.57,31.4472,9,27.82,25.3156,9,33.0,46.817,9,58.96,12.8876,9,9.22,7.3951,9,6.19,5.99,9,3.02,38.7067,9,31.82,11.3452,9,11.07,5.1324,9,4.96,21.9829,9,15.78,99.0154,9,99.21,0.9846,9,0.79,100.0,9,100.0,47.35,9,44.04,52.65,9,55.96,11.9755,9,11.93,40.6856,9,44.03,31.6057,9,32.36,2.1784,9,2.04,0.0,9,0.0,6.9286,9,9.63,0.2512,9,0.55,0.5814,9,0.68,6.6386,9,9.5,1.5771,9,2.14,5.0495,9,7.36,1.8194,9,2.31,1.4496,9,1.91,0.633,9,1.04,0.2556,9,0.36,0.31,9,0.42,0.5318,9,0.41,0.7534,9,0.78,0.7714,9,0.99,13.4657,9,14.07,0.0575,9,0.07,1.2267,9,1.17,4.2888,9,4.4,1.7656,9,1.6,4.4724,9,4.1,81.713,9,88.98,94.1557,9,86.72,72.3633,9,78.4,0.3633,9,0.4,0.0857,9,0.11,0.1325,9,0.15,0.09,9,0.11,0.0738,9,0.09,134.8863,9,139.74,6.6962,9,10.29,42.6267,9,45.23
"Reparación de prod. metálicos, maquinaria (33.1)",pequeñas,30.139,9,26.62,69.861,9,73.38,12.4581,9,12.47,29.7811,9,27.55,28.0378,9,33.35,53.4607,9,59.64,11.5438,9,8.81,8.1793,9,6.55,3.0559,9,2.26,33.4079,9,31.55,12.2744,9,10.9,5.1553,9,4.86,16.0396,9,15.8,99.1778,9,99.23,0.8222,9,0.77,100.0,9,100.0,44.394,9,43.85,55.606,9,56.15,12.5614,9,12.04,43.0933,9,44.1,33.5157,9,32.51,2.1724,9,2.05,0.0,9,0.0,7.2478,9,9.54,0.1919,9,0.53,0.6124,9,0.69,6.8177,9,9.39,1.5536,9,2.11,5.2446,9,7.28,2.1022,9,2.33,1.7289,9,1.93,0.8422,9,1.06,0.3133,9,0.36,0.3689,9,0.42,0.46,9,0.4,0.7472,9,0.78,0.664,9,0.95,11.9676,9,13.91,0.055,9,0.07,1.1778,9,1.16,4.0002,9,4.35,1.68,9,1.58,4.18,9,4.08,87.7211,9,89.51,92.1171,9,86.75,85.6833,9,78.25,0.412,9,0.4,0.0886,9,0.11,0.12,9,0.14,0.0887,9,0.11,0.07,9,0.09,115.3033,9,137.95,6.0559,9,10.04,38.7832,9,44.85
Instalación de máquinas y equipos industriales (33.2),grandes_medianas,38.9745,9,30.25,61.0255,9,69.75,12.0926,9,13.95,24.9895,9,25.55,25.5997,9,30.24,39.6185,9,54.38,20.85,9,10.76,6.6262,9,6.07,12.2096,9,4.69,39.188,9,34.86,10.5767,9,10.34,7.1322,9,4.18,21.1436,9,20.34,99.2503,9,99.35,0.7497,9,0.65,100.0,9,100.0,48.1703,9,46.33,51.8297,9,53.67,10.8814,9,11.27,40.5463,9,42.4,30.2194,9,32.99,2.5968,9,1.47,0.0,9,0.0,8.0689,9,7.94,0.5782,9,0.7,3.2396,9,0.79,5.4325,9,7.85,1.7129,9,1.83,5.0866,9,6.02,1.5046,9,2.0,1.2038,9,1.6,0.6267,9,0.87,0.2721,9,0.32,0.1882,9,0.35,0.6033,9,0.46,0.6715,9,0.76,0.4327,9,0.79,5.6544,9,10.0,0.167,9,0.08,0.8503,9,1.08,2.3244,9,3.57,1.4246,9,1.55,3.47,9,3.58,113.8706,9,101.87,108.1911,9,86.44,97.3469,9,75.49,0.4371,9,0.4,0.0713,9,0.09,0.0901,9,0.12,0.0557,9,0.08,0.0584,9,0.07,145.4671,9,135.4,5.2886,9,8.15,44.3841,9,44.67
Instalación de máquinas y equipos industriales (33.2),pequeñas,27.3567,9,29.77,72.6433,9,70.23,14.0738,9,13.85,30.5456,9,26.06,28.1011,9,30.32,48.1563,9,55.55,11.1201,9,9.64,6.9558,9,5.83,4.2085,9,3.81,39.4267,9,34.81,14.6436,9,10.77,5.2971,9,3.89,19.6535,9,20.15,99.3151,9,99.36,0.6849,9,0.64,100.0,9,100.0,46.8056,9,47.29,53.1944,9,52.71,11.8605,9,11.01,41.135,9,41.71,33.348,9,32.52,1.6189,9,1.47,0.0,9,0.0,5.9379,9,7.71,0.3983,9,0.58,0.6333,9,0.78,5.8178,9,7.51,1.2761,9,1.82,4.5267,9,5.68,1.85,9,2.02,1.4933,9,1.62,0.72,9,0.87,0.2913,9,0.32,0.3367,9,0.35,0.5138,9,0.44,0.7725,9,0.78,0.5643,9,0.81,9.7529,9,9.86,0.0587,9,0.09,1.14,9,1.1,4.1868,9,3.71,1.57,9,1.57,3.811,9,3.77,96.1582,9,96.73,97.1925,9,86.1,101.121,9,75.23,0.4757,9,0.41,0.0687,9,0.09,0.105,9,0.11,0.08,9,0.08,0.0611,9,0.07,117.1374,9,137.49,5.1561,9,7.81,39.3396,9,44.72
Servicios técnicos arquitectura e ingeniería (71),grandes_medianas,39.2744,9,29.8,60.7256,9,70.2,5.7269,9,5.69,31.0845,9,35.71,23.77,9,28.79,40.0497,9,37.67,16.9774,9,15.91,5.0829,9,4.93,11.7509,9,10.98,41.8922,9,46.42,14.2991,9,15.84,3.5635,9,4.18,24.04,9,26.4,98.2244,9,98.33,1.7756,9,1.67,100.0,9,100.0,41.2162,9,40.95,58.7838,9,59.05,14.8971,9,13.75,44.0371,9,45.3,31.4881,9,34.57,2.2473,9,1.97,0.0,9,-0.01,10.1043,9,8.75,2.4844,9,2.67,2.9157,9,2.67,9.4343,9,8.75,1.2239,9,1.43,8.0295,9,7.32,1.4601,9,1.51,1.3318,9,1.39,0.565,9,0.62,0.2811,9,0.28,0.2017,9,0.24,0.5978,9,0.62,0.7072,9,0.74,0.8186,9,0.85,3.4469,9,3.27,0.2257,9,0.25,0.657,9,0.84,1.4918,9,2.81,1.1087,9,1.19,4.9941,9,6.02,73.2176,9,60.6,170.4073,9,155.77,190.4856,9,168.75,0.4578,9,0.44,0.0667,9,0.07,0.148,9,0.16,0.072,9,0.08,0.102,9,0.09,158.4394,9,154.11,13.21,9,11.28,48.5945,9,53.27
Servicios técnicos arquitectura e ingeniería (71),pequeñas,44.2758,9,39.12,55.7242,9,60.88,6.0656,9,5.85,23.8844,9,22.42,24.6799,9,32.61,49.9722,9,52.94,19.94,9,15.11,6.9714,9,5.83,12.3648,9,9.28,30.2056,9,31.95,7.2875,9,6.16,4.9574,9,5.24,17.8153,9,20.55,98.3601,9,98.31,1.6399,9,1.69,100.0,9,100.0,35.7206,9,34.47,64.2794,9,65.53,16.4478,9,15.38,47.6156,9,50.15,36.2244,9,35.98,2.3341,9,2.23,0.0,9,0.0,8.5703,9,11.94,2.99,9,3.52,3.7266,9,2.47,7.6357,9,13.0,1.7822,9,2.23,7.39,9,10.77,1.87,9,1.91,1.6163,9,1.72,0.81,9,1.02,0.3986,9,0.4,0.2538,9,0.29,0.5,9,0.47,0.6088,9,0.68,0.4116,9,0.84,2.4506,9,4.84,0.1839,9,0.16,0.6801,9,0.72,1.529,9,1.84,1.1733,9,1.18,3.9745,9,4.23,91.1984,9,86.22,131.4434,9,113.86,107.8565,9,90.75,0.3043,9,0.27,0.0567,9,0.09,0.0843,9,0.15,0.0557,9,0.09,0.0843,9,0.13,116.0856,9,130.63,6.7739,9,14.07,41.6905,9,47.0
Investigación y desarrollo (72),grandes_medianas,46.1283,9,50.31,53.8717,9,49.69,2.7381,9,2.56,33.1752,9,24.7,19.9141,9,22.43,47.6611,9,53.69,20.6256,9,16.34,1.9443,9,0.91,18.5616,9,15.43,31.8014,9,29.98,4.7877,9,2.46,1.3259,9,0.8,25.4536,9,26.71,95.0789,9,93.55,4.9211,9,6.45,100.0,9,100.0,24.2913,9,20.58,75.7087,9,79.42,25.9071,9,9.94,49.611,9,69.48,29.5943,9,32.31,5.9903,9,6.6,0.0,9,0.0,14.8029,9,30.56,0.7336,9,3.06,0.7057,9,1.26,14.7943,9,32.36,1.1355,9,4.4,13.6714,9,27.96,1.6999,9,1.66,1.627,9,1.57,0.625,9,0.75,0.2985,9,0.28,0.212,9,0.2,0.5256,9,0.46,0.6125,9,0.65,4.8729,9,14.01,20.5829,9,24.21,0.1756,9,0.51,0.7986,9,0.69,1.8644,9,1.38,1.4112,9,1.4,6.0735,9,5.57,59.6725,9,65.5,152.5042,9,129.87,86.2326,9,62.86,0.1412,9,0.1,0.1186,9,0.21,0.23,9,0.36,0.155,9,0.24,0.1943,9,0.35,205.8655,9,205.65,29.0343,9,57.5,62.1088,9,66.45
Investigación y desarrollo (72),pequeñas,55.1492,9,54.65,44.8508,9,45.35,2.2143,9,2.58,19.0899,9,19.44,23.4857,9,23.34,52.0728,9,50.55,22.1428,9,23.51,4.1413,9,3.79,17.836,9,19.72,25.8333,9,25.94,2.8157,9,2.19,2.2485,9,2.05,20.6911,9,21.7,84.319,9,84.51,15.681,9,15.49,100.0,9,100.0,21.3972,9,25.69,78.6028,9,74.31,18.25,9,15.52,59.9529,9,58.78,49.4584,9,49.27,11.2056,9,9.29,0.0,9,0.0,-0.3844,9,0.23,2.3329,9,2.92,3.3643,9,3.56,-2.04,9,-0.41,-1.6982,9,-0.34,-0.3024,9,-0.08,1.7278,9,1.75,1.6389,9,1.65,0.9063,9,0.9,0.5122,9,0.51,0.1886,9,0.19,0.4775,9,0.49,0.52,9,0.52,0.6382,9,0.6,0.0396,9,0.06,0.1971,9,0.23,0.368,9,0.38,0.6589,9,0.69,0.8283,9,0.84,3.6591,9,3.78,99.1775,9,96.66,189.32,9,187.22,136.24,9,82.05,0.1513,9,0.11,-0.0004,9,0.001,-0.0019,9,-0.001,0.0383,9,0.03,0.1114,9,0.09,91.2163,9,103.64,-0.244,9,-0.08,44.4462,9,51.06
"Contabilidad, auditoría y asesoría fiscal (69.2)",grandes_medianas,77.506,9,75.0,22.494,9,25.0,0.4142,9,0.51,7.1556,9,5.28,15.3962,9,19.21,52.9111,9,65.05,22.7752,9,14.15,4.3775,9,2.23,19.386,9,11.92,21.4389,9,20.8,2.4478,9,2.31,3.0224,9,7.94,15.8189,9,10.55,98.0729,9,98.8,1.9271,9,1.2,100.0,9,100.0,14.5182,9,16.94,85.4818,9,83.06,36.6114,9,21.08,49.7171,9,61.98,28.901,9,19.27,2.577,9,1.33,0.0,9,0.0,18.9033,9,41.38,2.8119,9,1.99,5.4407,9,8.28,17.1462,9,35.09,0.2688,9,0.31,18.7378,9,34.79,1.1782,9,1.2,1.1661,9,1.18,0.8551,9,0.92,0.1481,9,0.15,0.03,9,0.04,0.47,9,0.35,0.4801,9,0.6,0.7411,9,1.02,3.6519,9,5.0,0.1633,9,0.23,0.2958,9,0.29,0.3817,9,0.38,1.2698,9,1.15,10.3082,9,9.62,35.9066,9,37.93,92.445,9,66.82,241.7416,9,172.27,0.3371,9,0.44,0.0557,9,0.12,0.1025,9,0.15,0.06,9,0.1,0.1933,9,0.36,203.1883,9,341.29,35.7756,9,118.73,57.7442,9,65.77
"Contabilidad, auditoría y asesoría fiscal (69.2)",pequeñas,75.7989,9,77.49,24.2011,9,22.51,0.9306,9,0.41,5.3733,9,4.83,17.9191,9,17.27,63.8056,9,62.05,20.2623,9,21.04,6.7178,9,4.03,13.6833,9,17.01,15.7922,9,16.91,1.0078,9,0.99,2.3111,9,1.62,12.4722,9,14.29,97.2859,9,97.51,2.7141,9,2.49,100.0,9,100.0,7.5424,9,7.81,92.4576,9,92.19,33.2043,9,34.01,59.3418,9,58.19,44.3288,9,44.24,2.2487,9,2.22,0.0,9,0.0,12.9929,9,11.72,9.7064,9,13.14,5.0921,9,10.82,17.11,9,14.04,1.6572,9,1.5,17.5379,9,12.54,1.597,9,1.33,1.5562,9,1.31,1.1802,9,1.02,0.4061,9,0.24,0.094,9,0.06,0.3622,9,0.38,0.4362,9,0.45,0.455,9,0.6,2.8572,9,1.08,0.12,9,0.44,0.2313,9,0.23,0.3071,9,0.3,0.9611,9,1.03,1.9822,9,4.37,183.99,9,83.49,85.005,9,76.43,206.5889,9,201.21,0.182,9,0.21,0.03,9,0.03,0.0557,9,0.05,0.04,9,0.03,0.1771,9,0.15,93.5444,9,107.37,14.3481,9,13.47,42.148,9,47.5
Consultoría de gestión empresarial (70.2),grandes_medianas,74.71,9,75.89,25.29,9,24.11,0.6218,9,0.75,9.8681,9,9.82,14.3001,9,13.54,59.819,9,61.88,18.6252,9,19.82,6.9531,9,8.53,11.8278,9,11.3,21.5944,9,18.3,2.208,9,1.86,1.6811,9,1.52,17.7133,9,14.91,98.829,9,98.95,1.171,9,1.05,100.0,9,100.0,15.4951,9,10.71,84.5049,9,89.29,28.4409,9,28.55,53.6022,9,60.74,33.2222,9,37.34,2.1233,9,2.05,-0.0299,9,0.0,18.2546,9,21.34,6.4178,9,9.82,5.6526,9,5.12,16.9347,9,26.04,0.6707,9,1.31,16.2533,9,24.73,1.1857,9,1.32,1.1518,9,1.28,0.6784,9,0.74,0.115,9,0.15,0.0384,9,0.06,0.4013,9,0.38,0.5443,9,0.48,0.7611,9,1.05,3.7586,9,4.17,0.217,9,0.2,0.3475,9,0.39,0.4675,9,0.52,1.39,9,1.64,8.8033,9,5.6,44.1263,9,65.17,108.5257,9,90.91,142.0989,9,160.95,0.22,9,0.19,0.0614,9,0.08,0.0938,9,0.16,0.0678,9,0.11,0.1844,9,0.27,156.9766,9,165.84,27.5228,9,41.01,52.913,9,61.93
Consultoría de gestión empresarial (70.2),pequeñas,71.8121,9,69.25,28.1879,9,30.75,1.1188,9,1.14,8.2467,9,10.72,18.1776,9,18.89,68.3152,9,66.93,13.7942,9,14.13,5.2567,9,4.0,8.4805,9,10.13,17.43,9,18.94,1.3848,9,1.75,2.3197,9,2.2,13.5711,9,14.99,96.46,9,95.26,3.54,9,4.74,100.0,9,100.0,18.5929,9,18.51,81.4071,9,81.49,26.659,9,25.22,54.4697,9,56.27,38.2402,9,39.15,2.1898,9,1.87,0.0,9,0.0,14.0843,9,15.24,11.818,9,11.37,3.1305,9,3.33,24.006,9,23.28,1.9156,9,2.52,22.0262,9,20.76,1.5981,9,1.62,1.525,9,1.56,1.0329,9,1.0,0.3366,9,0.31,0.1057,9,0.12,0.3172,9,0.33,0.5589,9,0.57,0.9989,9,1.38,4.8604,9,4.57,0.1166,9,0.2,0.2844,9,0.38,0.3944,9,0.54,1.0322,9,1.23,4.8844,9,6.12,77.3954,9,59.62,105.819,9,103.69,96.0763,9,91.43,0.1671,9,0.16,0.04,9,0.06,0.104,9,0.12,0.074,9,0.09,0.2416,9,0.23,125.9879,9,134.32,28.5168,9,27.88,47.5997,9,52.59
Programación y consultoría informática (62),grandes_medianas,44.1767,9,47.23,55.8233,9,52.77,2.4256,9,2.72,29.0607,9,27.88,23.7054,9,22.17,32.7489,9,39.81,18.8453,9,15.88,5.6973,9,2.05,12.4761,9,13.83,48.3218,9,44.31,7.9522,9,7.38,2.2582,9,2.16,38.7214,9,34.76,98.39,9,98.21,1.61,9,1.79,100.0,9,100.0,26.8329,9,25.6,73.1671,9,74.4,25.3314,9,24.28,47.442,9,50.12,39.7989,9,42.29,4.1144,9,4.22,0.0,9,0.07,3.576,9,3.69,1.2432,9,1.58,1.0423,9,1.56,3.6946,9,3.7,0.8244,9,0.81,2.8744,9,2.89,1.1444,9,1.19,1.0944,9,1.13,0.4912,9,0.5,0.0671,9,0.08,0.07,9,0.08,0.6722,9,0.6,0.7257,9,0.74,0.9448,9,1.81,3.7789,9,2.36,0.1049,9,0.4,1.0286,9,1.07,2.3032,9,2.27,1.844,9,2.03,11.4464,9,10.1,32.1757,9,36.14,104.1943,9,95.0,104.56,9,98.27,0.2729,9,0.26,0.04,9,0.04,0.084,9,0.08,0.0711,9,0.08,0.0689,9,0.07,135.476,9,142.77,3.8811,9,4.12,52.2719,9,60.37
Programación y consultoría informática (62),pequeñas,38.2521,9,41.83,61.7479,9,58.17,2.4326,9,2.23,28.69,9,27.26,30.3056,9,28.68,51.0362,9,53.52,14.7543,9,13.76,6.2956,9,6.14,8.2683,9,7.62,34.2333,9,32.72,6.3317,9,5.04,4.8963,9,3.93,22.9267,9,23.75,98.1526,9,98.04,1.8474,9,1.96,100.0,9,100.0,23.812,9,22.68,76.188,9,77.32,15.9438,9,15.68,60.3711,9,61.64,49.3941,9,49.77,3.2651,9,3.51,0.0,9,0.02,7.898,9,8.37,0.7625,9,1.23,0.9771,9,1.93,7.6033,9,7.68,1.3743,9,1.38,6.2267,9,6.3,1.7999,9,1.78,1.7287,9,1.71,0.8933,9,0.88,0.27,9,0.26,0.272,9,0.25,0.4889,9,0.46,0.6975,9,0.7,0.8456,9,0.95,7.9975,9,4.34,0.0871,9,0.19,1.0122,9,0.98,2.6411,9,2.34,1.66,9,1.68,9.9968,9,9.92,36.5061,9,36.81,103.3167,9,101.83,96.4483,9,83.02,0.224,9,0.18,0.0812,9,0.082,0.1241,9,0.115,0.0982,9,0.096,0.0953,9,0.098,84.8698,9,102.74,5.4689,9,6.47,42.1018,9,51.14
Almacenamiento y anexas al transporte (52),grandes_medianas,78.6044,9,73.29,21.3956,9,26.71,0.5086,9,0.62,9.6722,9,11.92,11.24,9,14.17,44.2568,9,48.55,38.4543,9,29.05,12.5913,9,12.01,24.3239,9,17.04,17.6244,9,22.39,3.5822,9,4.64,2.5203,9,4.32,11.3489,9,13.43,98.683,9,98.73,1.317,9,1.27,100.0,9,100.0,41.4922,9,41.48,58.5078,9,58.52,20.1989,9,23.97,38.3078,9,34.55,14.787,9,15.97,7.4717,9,5.6,0.0,9,0.0,15.83,9,12.98,1.524,9,1.59,3.3771,9,3.24,14.0944,9,11.33,3.0333,9,2.95,11.026,9,8.38,1.22,9,1.19,1.1929,9,1.16,0.6525,9,0.63,0.0757,9,0.06,0.0383,9,0.04,0.5612,9,0.51,0.3167,9,0.44,0.5751,9,0.59,4.5129,9,4.01,0.1086,9,0.14,0.4841,9,0.69,0.6169,9,0.94,2.2852,9,2.58,43.5622,9,45.96,8.4896,9,7.94,70.8281,9,63.02,64.4267,9,59.12,0.3667,9,0.39,0.0767,9,0.09,0.1214,9,0.12,0.09,9,0.1,0.1533,9,0.14,295.9183,9,283.65,33.3249,9,23.76,44.1297,9,45.31
Almacenamiento y anexas al transporte (52),pequeñas,64.7622,9,64.77,35.2378,9,35.23,1.9011,9,1.7,16.8022,9,14.67,16.289,9,18.86,41.9319,9,52.92,31.6733,9,25.63,17.5643,9,12.52,13.5585,9,13.11,24.9011,9,21.45,7.0043,9,5.89,5.1276,9,3.86,12.6407,9,11.7,96.5993,9,97.26,3.4007,9,2.74,100.0,9,100.0,48.6771,9,47.08,51.3229,9,52.92,20.5769,9,19.74,29.8929,9,33.18,19.2409,9,19.48,3.8643,9,3.82,0.0,9,0.0,7.1727,9,9.88,2.2856,9,4.33,2.0543,9,2.23,6.7911,9,11.98,1.3998,9,2.04,6.71,9,9.95,1.4344,9,1.64,1.3588,9,1.56,0.6616,9,0.88,0.16,9,0.21,0.1086,9,0.14,0.584,9,0.47,0.435,9,0.46,0.2918,9,0.54,3.6455,9,4.44,0.0625,9,0.09,0.68,9,0.65,1.0533,9,1.0,1.9239,9,1.83,19.7583,9,17.89,20.6344,9,20.4,90.1067,9,82.89,76.6533,9,70.74,0.4171,9,0.4,0.05,9,0.06,0.09,9,0.12,0.0657,9,0.09,0.092,9,0.14,203.9245,9,219.67,11.6861,9,21.85,38.6333,9,42.79
Transporte de mercancía por carretera (4941),grandes_medianas,44.6412,9,45.35,55.3588,9,54.65,0.9883,9,0.94,38.019,9,32.33,17.0086,9,21.38,40.7043,9,41.9,15.9347,9,15.6,11.9207,9,11.99,3.9622,9,3.6,43.0933,9,42.5,15.3667,9,12.85,9.0247,9,8.36,18.4686,9,21.29,98.2218,9,98.67,1.7782,9,1.33,100.0,9,100.0,59.4789,9,57.39,40.5211,9,42.61,16.8556,9,16.82,23.6656,9,25.79,16.9267,9,18.45,3.0969,9,3.47,0.0,9,0.0,3.6356,9,3.87,0.4922,9,0.69,0.5461,9,1.02,3.5721,9,3.55,0.6801,9,0.71,2.8853,9,2.83,1.2922,9,1.29,1.2628,9,1.26,0.3989,9,0.5,0.0762,9,0.08,0.1244,9,0.12,0.5943,9,0.58,0.7329,9,0.73,0.4484,9,0.46,8.3752,9,3.81,0.0366,9,0.07,1.6361,9,1.48,3.6657,9,3.27,2.9311,9,2.72,98.8849,9,90.82,3.7422,9,4.02,83.958,9,79.49,57.9368,9,55.06,0.4114,9,0.4,0.0586,9,0.06,0.115,9,0.1,0.1,9,0.09,0.06,9,0.06,224.8546,9,229.16,6.4522,9,6.5,37.7912,9,42.27
Transporte de mercancía por carretera (4941),pequeñas,44.8402,9,47.78,55.1598,9,52.22,1.5713,9,1.54,34.6772,9,31.21,19.1033,9,19.46,42.9184,9,46.95,20.2993,9,19.98,15.0393,9,14.59,5.1918,9,5.39,35.9811,9,33.07,11.8156,9,9.34,7.868,9,7.92,16.33,9,15.81,98.6234,9,98.83,1.3766,9,1.17,100.0,9,100.0,44.031,9,41.2,55.969,9,58.8,24.31,9,24.45,31.5553,9,34.36,22.09,9,23.35,4.6,9,4.67,0.0,9,0.0,4.7883,9,6.33,0.1962,9,0.25,0.6171,9,0.86,4.4008,9,5.72,1.0357,9,1.34,3.4062,9,4.38,1.5356,9,1.58,1.4911,9,1.53,0.5356,9,0.59,0.1333,9,0.13,0.1922,9,0.19,0.5714,9,0.53,0.6344,9,0.62,0.4878,9,0.58,7.3829,9,7.34,0.04,9,0.06,1.4229,9,1.44,3.148,9,3.01,2.5826,9,2.75,38.9126,9,38.45,9.3785,9,9.49,89.3776,9,79.23,69.1478,9,57.57,0.3422,9,0.3,0.07,9,0.091,0.1119,9,0.134,0.1138,9,0.13,0.0803,9,0.091,160.7514,9,172.41,5.3908,9,7.55,34.9722,9,40.26
Comercio al por menor no especializado / supermercados (47.1),grandes_medianas,61.73,9,59.47,38.27,9,40.53,10.7513,9,9.56,5.9156,9,4.93,21.5789,9,26.03,48.3611,9,54.27,7.7733,9,4.23,2.7814,9,1.13,4.1079,9,3.1,43.8746,9,41.5,26.596,9,23.41,1.5932,9,1.76,15.5605,9,16.33,98.1886,9,98.58,1.8114,9,1.42,100.0,9,100.0,74.6933,9,73.94,25.3067,9,26.06,8.4444,9,8.01,16.8657,9,18.04,12.1422,9,12.4,2.1157,9,1.99,0.0,9,0.0,2.5971,9,3.65,0.6387,9,0.84,0.4374,9,0.29,2.8914,9,4.2,0.6187,9,0.93,2.2786,9,3.27,0.8725,9,0.98,0.625,9,0.75,0.4799,9,0.63,-0.025,9,0.0,-0.0586,9,-0.01,0.5156,9,0.46,0.8533,9,0.91,2.2379,9,4.11,5.9001,9,12.49,0.2099,9,0.23,2.2529,9,2.26,3.6533,9,3.8,5.8822,9,5.58,15.6711,9,17.48,23.4078,9,20.88,9.6056,9,7.96,57.6189,9,51.12,4.5715,9,4.75,0.0589,9,0.08,0.1078,9,0.14,0.1013,9,0.12,0.05,9,0.05,229.6217,9,259.55,5.3091,9,8.49,27.9986,9,32.19
Comercio al por menor no especializado / supermercados (47.1),pequeñas,43.5078,9,45.41,56.4922,9,54.59,21.8424,9,19.6,11.6886,9,11.49,22.7648,9,23.5,45.2502,9,54.37,16.0076,9,12.2,9.93,9,7.32,5.4041,9,4.88,37.0557,9,33.43,21.0643,9,18.45,4.5054,9,4.15,11.4578,9,10.84,99.225,9,99.33,0.775,9,0.67,100.0,9,100.0,75.22,9,73.95,24.78,9,26.05,8.2729,9,8.37,16.4634,9,17.67,12.5427,9,12.97,1.1233,9,0.99,0.0,9,0.0,2.7539,9,3.71,0.2924,9,1.07,0.32,9,0.34,2.7231,9,4.44,0.592,9,0.85,2.1331,9,3.59,1.5242,9,1.63,0.9389,9,1.05,0.62,9,0.7,0.09,9,0.1,0.195,9,0.21,0.5417,9,0.46,0.6989,9,0.73,0.4628,9,0.87,9.0522,9,10.92,0.0478,9,0.06,2.1589,9,2.18,4.9381,9,4.81,3.9062,9,4.0,7.7409,9,8.24,47.2665,9,44.3,19.533,9,19.2,47.3778,9,41.7,1.8113,9,1.61,0.0611,9,0.08,0.1022,9,0.14,0.0712,9,0.1,0.03,9,0.05,192.9067,9,217.04,4.0419,9,7.79,23.841,9,28.16
Comercio al por mayor (46),grandes_medianas,37.4089,9,29.64,62.5911,9,70.36,15.4551,9,21.25,24.9878,9,28.88,21.1142,9,20.22,50.6978,9,54.97,7.8,9,7.15,3.5076,9,4.49,4.0155,9,2.65,41.6458,9,37.88,12.5378,9,15.21,5.7111,9,9.46,24.0697,9,13.21,98.6409,9,99.22,1.3591,9,0.78,100.0,9,100.0,78.8027,9,74.28,21.1973,9,25.72,8.6442,9,9.08,12.6444,9,16.65,5.1816,9,10.02,0.8943,9,1.04,0.0,9,0.0,5.2046,9,5.59,0.6641,9,0.83,0.4511,9,0.73,5.3377,9,5.68,0.8722,9,1.23,4.3635,9,4.46,1.4679,9,1.86,1.1256,9,1.3,0.5137,9,0.53,0.1182,9,0.21,0.1849,9,0.32,0.4928,9,0.45,0.8443,9,0.84,1.1235,9,0.61,12.4614,9,7.65,0.0744,9,0.08,1.6358,9,1.54,4.6592,9,5.19,2.6722,9,2.19,9.7748,9,5.37,37.1219,9,67.92,52.0934,9,68.57,31.239,9,48.62,0.4975,9,0.53,0.0833,9,0.09,0.1528,9,0.12,0.0871,9,0.08,0.05,9,0.05,868.5089,9,410.02,41.6623,9,18.27,45.4211,9,41.08
Comercio al por mayor (46),pequeñas,27.1278,9,27.67,72.8722,9,72.33,18.6861,9,20.73,30.2027,9,29.4,22.8907,9,22.2,53.8767,9,55.09,9.3243,9,8.46,5.7163,9,5.33,3.3782,9,3.14,37.2464,9,36.45,17.9612,9,17.3,8.4197,9,8.53,11.5289,9,10.62,98.9754,9,99.08,1.0246,9,0.92,100.0,9,100.0,72.9789,9,73.37,27.0211,9,26.63,9.4577,9,9.42,17.2142,9,17.21,10.3456,9,10.14,0.9683,9,1.04,0.0,9,0.0,6.0403,9,6.03,0.3867,9,0.55,0.4257,9,0.63,5.8413,9,5.95,1.3648,9,1.32,5.0769,9,4.63,1.9948,9,1.98,1.4626,9,1.42,0.6255,9,0.61,0.2185,9,0.22,0.3589,9,0.36,0.4622,9,0.45,0.7986,9,0.81,0.6883,9,0.66,11.7436,9,9.53,0.05,9,0.07,1.5978,9,1.62,6.0811,9,5.84,2.1938,9,2.24,6.1482,9,5.72,59.405,9,63.77,69.4643,9,66.34,54.6157,9,53.2,0.588,9,0.59,0.1012,9,0.1,0.14,9,0.14,0.0912,9,0.09,0.0575,9,0.06,359.8528,9,349.17,16.8944,9,16.18,37.4957,9,35.4
Restaurantes y puestos de comidas (56.1),grandes_medianas,75.071,9,76.45,24.929,9,23.55,2.0024,9,2.19,6.3689,9,5.49,16.5344,9,15.87,26.6647,9,20.41,44.0533,9,50.22,17.4395,9,12.39,22.8644,9,37.83,29.556,9,29.37,7.2071,9,7.16,3.4813,9,3.51,19.086,9,18.7,96.44,9,97.81,3.56,9,2.19,100.0,9,100.0,28.8633,9,29.21,71.1367,9,70.79,31.5921,9,31.31,39.1315,9,39.48,29.1509,9,28.44,5.2814,9,5.53,0.0,9,0.0,4.5392,9,5.51,1.3836,9,2.08,3.6786,9,4.61,2.4701,9,2.98,1.1329,9,1.0,1.2699,9,1.98,0.83,9,0.8,0.7633,9,0.73,0.5514,9,0.54,-0.0471,9,-0.05,-0.05,9,-0.06,0.7368,9,0.8,0.4014,9,0.37,0.3601,9,0.53,1.8231,9,1.2,0.1665,9,0.33,1.073,9,1.13,1.4,9,1.48,4.3878,9,4.79,15.0118,9,15.03,24.4187,9,24.29,21.6133,9,17.77,85.3443,9,79.33,1.1438,9,1.3,0.0543,9,0.06,0.0668,9,0.11,0.0725,9,0.08,0.07,9,0.08,72.7714,9,83.93,1.0754,9,1.66,21.0729,9,23.87
Restaurantes y puestos de comidas (56.1),pequeñas,57.4117,9,58.17,42.5883,9,41.83,3.4286,9,3.13,6.2229,9,5.47,33.0992,9,33.23,52.1589,9,57.47,20.6658,9,17.61,13.5472,9,11.6,7.0078,9,6.01,25.7359,9,24.92,7.489,9,6.81,3.7811,9,3.85,14.7176,9,14.26,98.8763,9,99.0,1.1237,9,1.0,100.0,9,100.0,36.98,9,36.09,63.02,9,63.91,21.2487,9,21.35,41.8914,9,42.56,31.156,9,31.2,2.6595,9,2.53,0.0,9,0.0,8.116,9,8.83,0.2678,9,0.46,0.5948,9,0.67,7.771,9,8.62,1.7614,9,1.94,6.0074,9,6.69,1.6117,9,1.68,1.4851,9,1.55,1.2451,9,1.33,0.11,9,0.11,0.164,9,0.17,0.4789,9,0.43,0.5613,9,0.59,0.8297,9,0.88,14.6746,9,13.17,0.05,9,0.06,1.5515,9,1.48,2.7814,9,2.54,3.5967,9,3.54,16.5885,9,17.04,22.3602,9,21.42,15.7144,9,13.49,49.3822,9,46.55,1.2044,9,1.25,0.1266,9,0.13,0.1779,9,0.17,0.134,9,0.14,0.0886,9,0.09,85.6743,9,99.12,5.2758,9,6.63,26.5252,9,30.93
Hoteles y alojamientos similares (55.1),grandes_medianas,81.283,9,82.4,18.717,9,17.6,0.8355,9,0.96,3.347,9,3.29,14.7628,9,13.35,54.9722,9,58.12,28.2889,9,25.91,16.7786,9,14.54,11.6278,9,11.37,16.5921,9,15.97,1.6581,9,1.52,4.1084,9,3.8,10.8159,9,10.65,95.844,9,97.81,4.156,9,2.19,100.0,9,100.0,12.8457,9,12.38,87.1543,9,87.62,34.7835,9,34.21,52.1937,9,53.42,29.5793,9,27.94,6.598,9,5.68,0.0,9,0.0,16.5083,9,19.8,6.5784,9,8.68,4.5456,9,4.78,18.3022,9,23.69,2.3035,9,3.49,15.8087,9,20.2,1.1143,9,1.1,1.0539,9,1.04,0.8725,9,0.84,0.06,9,0.04,0.0187,9,0.02,0.4511,9,0.42,0.3714,9,0.38,0.3634,9,0.57,4.0196,9,4.14,0.066,9,0.1,0.3286,9,0.4,0.4058,9,0.49,1.694,9,2.28,4.5983,9,5.16,82.11,9,70.71,40.2207,9,29.88,141.9621,9,111.63,0.4833,9,0.46,0.0533,9,0.08,0.0934,9,0.14,0.0733,9,0.1,0.2233,9,0.26,112.0237,9,132.05,17.5096,9,26.68,33.5739,9,36.9
Hoteles y alojamientos similares (55.1),pequeñas,77.6649,9,75.18,22.3351,9,24.82,1.1622,9,1.3,3.9867,9,3.95,17.0856,9,19.57,53.506,9,58.62,30.6234,9,25.52,20.6729,9,16.52,9.9978,9,9.0,15.5226,9,15.86,1.9086,9,1.9,3.8208,9,3.3,9.8086,9,10.66,97.0868,9,98.12,2.9132,9,1.88,100.0,9,100.0,17.0322,9,15.81,82.9678,9,84.19,31.6396,9,31.31,51.5647,9,52.88,30.3243,9,28.58,6.974,9,5.93,0.0,9,0.0,14.1534,9,18.36,2.5998,9,1.61,3.4529,9,3.29,13.3088,9,16.68,2.607,9,3.56,10.684,9,13.12,1.4386,9,1.56,1.3583,9,1.48,1.1116,9,1.23,0.1814,9,0.17,0.0678,9,0.09,0.465,9,0.41,0.3388,9,0.38,0.2957,9,0.49,4.6922,9,5.59,0.0517,9,0.09,0.41,9,0.51,0.5273,9,0.68,1.8117,9,2.07,5.7003,9,6.23,66.2482,9,58.61,39.1608,9,28.06,107.3814,9,85.46,0.4663,9,0.48,0.06,9,0.09,0.0813,9,0.12,0.0717,9,0.1,0.1771,9,0.19,100.0857,9,120.84,10.79,9,15.86,30.292,9,34.54
Construcción de edificios (41.2),grandes_medianas,35.9237,9,32.58,64.0763,9,67.42,12.4341,9,19.07,23.6811,9,24.87,24.6044,9,23.47,29.3953,9,52.31,17.2029,9,12.5,9.7971,9,8.37,7.5556,9,4.13,50.0931,9,35.2,15.4363,9,14.29,4.1505,9,4.68,27.8556,9,16.23,97.7922,9,99.15,2.2078,9,0.85,100.0,9,100.0,67.0422,9,61.94,32.9578,9,38.06,10.3343,9,8.86,22.5478,9,29.2,16.3615,9,20.49,1.0822,9,1.07,0.0,9,0.0,4.4224,9,7.63,1.9006,9,0.62,2.5189,9,0.9,4.1251,9,7.35,1.104,9,1.61,3.05,9,5.74,1.3724,9,1.92,1.0456,9,1.37,0.5313,9,0.67,0.1652,9,0.27,0.15,9,0.32,0.706,9,0.48,0.7312,9,0.74,0.2313,9,0.62,1.5124,9,8.46,0.1133,9,0.08,0.6914,9,1.18,2.1262,9,3.62,1.1058,9,1.75,3.5614,9,3.84,103.062,9,95.16,130.3899,9,76.86,131.5289,9,71.31,0.6786,9,0.57,0.02,9,0.09,0.0675,9,0.13,0.0283,9,0.08,0.0411,9,0.07,312.1805,9,196.42,8.1135,9,11.28,50.2773,9,40.25
Construcción de edificios (41.2),pequeñas,34.0656,9,32.65,65.9344,9,67.35,21.62,9,18.02,24.3798,9,25.49,20.75,9,23.84,47.8133,9,52.28,16.6843,9,12.19,11.3143,9,8.19,5.3333,9,4.0,35.1014,9,35.52,13.8994,9,14.31,5.192,9,4.51,16.1039,9,16.71,98.942,9,99.11,1.058,9,0.89,100.0,9,100.0,62.4522,9,61.18,37.5478,9,38.82,8.3222,9,8.99,29.3658,9,29.83,22.187,9,21.0,1.0849,9,1.06,0.0,9,0.0,5.5753,9,7.77,0.5749,9,0.53,1.0249,9,0.87,5.6306,9,7.43,1.1282,9,1.64,4.4367,9,5.79,1.89,9,1.9,1.2701,9,1.39,0.5971,9,0.67,0.3187,9,0.27,0.31,9,0.32,0.5171,9,0.48,0.6763,9,0.74,0.3213,9,0.65,5.6143,9,8.88,0.0586,9,0.08,1.0002,9,1.2,2.9504,9,3.67,1.5118,9,1.78,2.9171,9,4.07,127.2591,9,89.64,89.571,9,77.59,81.5346,9,71.18,0.5833,9,0.56,0.0567,9,0.09,0.0944,9,0.13,0.0567,9,0.08,0.05,9,0.07,154.0311,9,190.61,6.9062,9,11.04,34.2288,9,40.02
Instalaciones eléctricas y de fontanería en obras (43.2),grandes_medianas,27.0279,9,25.13,72.9721,9,74.87,5.3566,9,9.65,35.9714,9,39.85,30.2001,9,25.37,32.422,9,46.84,12.99,9,11.0,6.6984,9,8.5,6.5844,9,2.49,52.7112,9,42.17,20.4379,9,19.17,7.4261,9,6.21,25.6036,9,16.79,98.6256,9,99.43,1.3744,9,0.57,100.0,9,100.0,55.4758,9,51.18,44.5242,9,48.82,11.0516,9,10.1,32.9814,9,38.72,26.7011,9,29.2,1.1216,9,1.05,0.0249,9,0.0,5.7304,9,8.47,4.323,9,0.5,2.6801,9,0.83,7.4043,9,8.15,1.4357,9,1.78,6.1967,9,6.37,1.3238,9,1.78,1.2179,9,1.55,0.5763,9,0.6,0.1913,9,0.23,0.1719,9,0.33,0.6751,9,0.53,0.8014,9,0.79,0.5022,9,0.71,2.5921,9,10.24,0.1299,9,0.08,0.9862,9,1.41,3.2271,9,5.62,1.3653,9,1.89,8.93,9,7.49,42.31,9,48.71,137.6154,9,102.96,142.1478,9,96.76,0.5711,9,0.48,0.0571,9,0.12,0.1744,9,0.19,0.07,9,0.1,0.07,9,0.07,160.9711,9,141.55,9.4514,9,9.01,42.7725,9,41.33
Instalaciones eléctricas y de fontanería en obras (43.2),pequeñas,25.2356,9,25.7,74.7644,9,74.3,10.4837,9,9.64,38.7912,9,39.9,25.6629,9,24.77,46.2971,9,46.95,10.8975,9,11.59,7.9911,9,8.76,2.8415,9,2.83,42.9804,9,41.46,18.454,9,19.0,6.6486,9,6.07,17.2681,9,16.39,99.3401,9,99.37,0.6599,9,0.63,100.0,9,100.0,51.6214,9,51.43,48.3786,9,48.57,10.0591,9,10.19,38.0411,9,38.38,30.0967,9,29.02,1.1656,9,1.01,0.0,9,0.0,6.8485,9,8.35,0.3997,9,0.46,0.6987,9,0.83,6.4756,9,7.98,1.4122,9,1.75,5.5797,9,6.24,1.7567,9,1.79,1.5156,9,1.56,0.595,9,0.6,0.25,9,0.23,0.32,9,0.33,0.5367,9,0.53,0.795,9,0.78,0.5199,9,0.69,9.2865,9,10.12,0.0625,9,0.08,1.2429,9,1.41,4.9878,9,5.47,1.6533,9,1.89,6.2244,9,7.5,59.4605,9,48.67,114.2867,9,103.65,105.005,9,95.94,0.4767,9,0.48,0.09,9,0.12,0.14,9,0.19,0.0786,9,0.1,0.0612,9,0.07,122.8742,9,142.93,6.5188,9,8.91,36.8225,9,41.47
Educación (85),grandes_medianas,57.9611,9,61.77,42.0389,9,38.23,0.4244,9,0.55,13.69,9,17.16,25.2692,9,20.52,47.6289,9,46.84,17.3867,9,14.02,10.1488,9,6.66,5.8497,9,7.36,35.73,9,39.14,1.4038,9,1.43,2.8441,9,3.46,31.3129,9,34.26,96.5248,9,95.84,3.4752,9,4.16,100.0,9,100.0,9.8248,9,9.57,90.1752,9,90.43,30.0622,9,31.18,60.1284,9,59.25,42.08,9,41.05,3.6522,9,3.93,0.0,9,-0.01,14.1714,9,14.26,1.7247,9,1.99,1.7036,9,1.5,14.2741,9,14.75,3.126,9,3.26,11.1569,9,11.5,1.0898,9,0.98,1.0781,9,0.96,0.6619,9,0.52,0.0416,9,-0.01,0.0266,9,-0.01,0.5244,9,0.53,0.6811,9,0.74,0.8889,9,1.24,8.1763,9,9.54,0.1137,9,0.12,0.7858,9,0.81,1.3919,9,1.31,1.9204,9,2.12,18.8154,9,14.09,19.731,9,25.9,63.5836,9,77.22,66.663,9,67.12,0.1012,9,0.08,0.1111,9,0.12,0.1825,9,0.2,0.1125,9,0.13,0.1456,9,0.15,82.46,9,93.9,9.2186,9,10.8,35.1313,9,38.55
Educación (85),pequeñas,57.3462,9,57.56,42.6538,9,42.44,0.7778,9,0.65,11.7436,9,14.75,29.7444,9,27.03,54.1494,9,57.35,17.562,9,13.77,10.557,9,6.45,6.9289,9,7.32,28.38,9,28.88,2.2483,9,2.27,3.2464,9,2.62,23.003,9,24.0,85.6844,9,87.84,14.3156,9,12.16,100.0,9,100.0,14.3419,9,14.32,85.6581,9,85.68,25.3689,9,26.16,60.3429,9,59.51,50.308,9,48.68,2.7312,9,2.66,0.0,9,0.0,7.3922,9,8.18,1.6087,9,4.84,1.0071,9,1.17,8.7167,9,11.85,1.7464,9,1.86,6.9163,9,9.99,1.5,9,1.47,1.476,9,1.45,1.0489,9,0.94,0.1657,9,0.16,0.1433,9,0.14,0.46,9,0.43,0.6187,9,0.68,0.6069,9,1.18,6.7787,9,6.99,0.056,9,0.11,0.86,9,0.85,1.4871,9,1.47,1.9878,9,1.99,15.6186,9,18.52,23.4598,9,19.71,50.9457,9,63.67,66.8769,9,68.31,0.1812,9,0.15,0.0622,9,0.07,0.11,9,0.15,0.0833,9,0.11,0.0967,9,0.13,62.4062,9,70.69,4.3904,9,7.06,31.509,9,34.41
Actividades hospitalarias (86.1),grandes_medianas,55.4029,9,58.9,44.5971,9,41.1,1.6913,9,1.77,21.4344,9,19.97,21.5567,9,19.35,51.3658,9,57.7,20.2822,9,18.96,7.9026,9,7.59,11.9545,9,11.37,28.6433,9,23.34,7.5378,9,6.1,2.7848,9,2.41,18.5527,9,14.82,98.1954,9,99.0,1.8046,9,1.0,100.0,9,100.0,41.8531,9,42.2,58.1469,9,57.8,11.7856,9,12.01,46.0064,9,45.79,35.4367,9,34.95,4.0702,9,4.24,0.0,9,0.0,6.58,9,6.6,1.0768,9,1.53,1.5931,9,2.17,5.9877,9,5.96,1.4827,9,1.52,4.5114,9,4.44,1.592,9,1.76,1.537,9,1.69,0.76,9,0.83,0.21,9,0.2,0.1734,9,0.18,0.4799,9,0.42,0.5637,9,0.55,0.5922,9,0.78,4.2772,9,3.04,0.0966,9,0.19,0.8017,9,0.89,1.4487,9,1.52,1.8001,9,2.17,20.0582,9,21.3,18.2407,9,17.13,100.0323,9,81.58,87.2622,9,59.08,0.328,9,0.31,0.05,9,0.06,0.0813,9,0.07,0.07,9,0.08,0.09,9,0.09,110.7843,9,130.47,5.3322,9,5.79,38.8686,9,45.6
Actividades hospitalarias (86.1),pequeñas,71.5257,9,68.77,28.4743,9,31.23,1.0689,9,0.95,9.4608,9,10.12,17.859,9,20.15,51.0758,9,47.5,25.7667,9,34.05,12.8928,9,9.04,11.2475,9,25.01,22.9796,9,18.45,3.35,9,3.52,3.5048,9,2.79,14.7961,9,12.14,85.0042,9,88.33,14.9958,9,11.67,100.0,9,100.0,30.9856,9,32.27,69.0144,9,67.73,19.3123,9,20.39,48.7361,9,47.33,38.8854,9,37.95,3.7502,9,3.87,0.0,9,0.0,5.0871,9,5.51,0.8456,9,0.98,1.8371,9,3.22,3.9441,9,3.27,1.0611,9,0.79,3.0065,9,2.48,1.2689,9,1.69,1.2186,9,1.64,0.8056,9,1.09,0.0889,9,0.21,0.0522,9,0.13,0.49,9,0.52,0.4749,9,0.35,0.2512,9,0.32,2.5799,9,1.71,0.0557,9,0.16,0.58,9,0.6,0.8087,9,0.87,2.0586,9,1.91,16.3236,9,20.19,22.2978,9,18.08,60.1468,9,62.1,67.08,9,66.85,0.3583,9,0.35,0.0293,9,0.033,0.0336,9,0.031,0.0397,9,0.038,0.0674,9,0.063,86.9378,9,101.91,2.6274,9,2.53,36.4511,9,38.68
Actividades inmobiliarias (68),grandes_medianas,75.7456,9,80.32,24.2544,9,19.68,13.7856,9,8.53,1.9126,9,1.79,8.528,9,9.36,55.8441,9,60.23,29.6654,9,25.84,15.8133,9,13.21,13.7659,9,12.62,13.3272,9,13.93,0.7557,9,0.79,2.0878,9,2.95,10.0643,9,10.2,95.6848,9,95.4,4.3152,9,4.6,100.0,9,100.0,30.9549,9,21.37,69.0451,9,78.63,31.1617,9,36.06,35.681,9,42.57,8.3754,9,9.78,11.4993,9,10.71,-0.002,9,-0.01,17.2271,9,22.07,3.7596,9,5.19,10.5231,9,13.14,12.0932,9,14.11,1.2975,9,2.06,10.7266,9,12.05,1.8033,9,1.41,0.8052,9,0.8,0.6601,9,0.67,0.7672,9,0.45,0.0879,9,0.06,0.44,9,0.4,0.3128,9,0.35,0.135,9,0.18,1.74,9,1.68,0.06,9,0.1,0.115,9,0.13,0.1537,9,0.16,0.4987,9,0.65,0.2729,9,0.32,1366.8215,9,1142.31,54.0454,9,51.28,74.1744,9,105.29,0.4057,9,0.44,0.0201,9,0.03,0.0214,9,0.03,0.0244,9,0.03,0.214,9,0.23,785.4905,9,714.85,83.494,9,86.17,65.697,9,69.9
Actividades inmobiliarias (68),pequeñas,81.6085,9,82.72,18.3915,9,17.28,5.2909,9,3.69,1.8,9,1.63,11.4011,9,11.96,60.2349,9,63.56,30.1678,9,26.84,16.05,9,13.75,14.117,9,13.09,9.7468,9,9.6,0.5444,9,0.48,3.08,9,2.81,6.09,9,6.31,95.309,9,96.72,4.691,9,3.28,100.0,9,100.0,18.6267,9,18.11,81.3733,9,81.89,25.4203,9,20.95,56.1003,9,60.94,10.7435,9,10.47,14.1564,9,13.26,0.0,9,0.0,30.5878,9,37.21,10.72,9,9.99,11.0778,9,15.07,30.8456,9,32.13,5.7256,9,6.56,25.591,9,25.57,1.8858,9,1.8,1.3678,9,1.42,1.1822,9,1.25,0.8762,9,0.7,0.09,9,0.08,0.3987,9,0.36,0.2444,9,0.26,0.2111,9,0.26,2.9061,9,2.47,0.06,9,0.1,0.1,9,0.11,0.1233,9,0.13,0.5489,9,0.64,0.3733,9,0.54,1017.1091,9,674.82,65.1722,9,54.12,105.06,9,87.66,0.3014,9,0.29,0.03,9,0.041,0.0413,9,0.044,0.0406,9,0.043,0.393,9,0.388,426.1616,9,513.93,107.0889,9,131.42,47.1013,9,53.83
